accountId,type,name,address,email,phone,website,lat,lng
"b5e0d652-e8eb-ea11-8118-0050569a1c9a","findacpa","Max H Accounting and Tax Services","3 Coonawarra St, SUNNYBANK HILLS QLD 4109, AUS","maxhe@maxhaccountingandtaxservices.com.au","0450121137","http://www.maxhaccountingandtaxservices.com.au","-27.58921","153.04793"
"44a47822-cc2b-e711-80ea-0050569a458f","findacpa","Chrisbec Pty. Ltd. T/a Clive Payne Accounting","PO Box 87, COOPERS PLAINS QLD 4108, AUS","Clivepayne@outlook.com","+61419026406",,"-27.56615","153.03688"
"19c3a9d5-c4fb-ea11-8119-0050569a1c9a","findacpa","Nano Accounting & Tax Consultant","U 5  12 McKoy St, COOPERS PLAINS QLD 4108, AUS","sandie@nanoatax.com","+61480151533",,"-27.57324","153.04464"
"e0543c34-1d55-e511-8666-0050569a6f1b","findacpa","HJ Accounting","PO Box 5288, ALGESTER QLD 4115, AUS","jason.zhao@hjacc.com.au","+61428899982",,"-27.61274","153.03255"
"399216d4-4796-e911-8106-0050569a458f","findacpa","iBooks Accounting & My Tax Australia","153 Algester Rd, ALGESTER QLD 4115, AUS","dan@ibooksaccounting.com.au","+61466285790","http://www.ibooksaccounting.com.au","-27.61135","153.04101"
"c1b73a3f-e1d6-e611-80e8-0050569a458f","findacpa","Sujin Ma t/as IMP Partners","PO Box 1680, SUNNYBANK HILLS QLD 4109, AUS","ivy.ma@imppartners.com.au","+61437709166","http://www.imppartners.com.au","-27.59616","153.05237"
"808002ec-b4f5-e311-aa09-0050569a6ed0","findacpa","ADVANCED ACCOUNTING SOLUTIONS (QLD) PTY LTD t/a Advance Accounting Solutions","PO Box 1730, SUNNYBANK HILLS QLD 4109, AUS","garry@advancedaccounting.net.au","+61731072272","http://www.advancedaccounting.com.au/","-27.59616","153.05237"
"0dcd909b-2d66-e411-8e79-0050569a6f1b","findacpa","Symmetrize","PO Box 1307, SUNNYBANK HILLS QLD 4109, AUS","helen.pennisi@symmetrize.com.au","+61732733000","http://www.symmetrize.com.au","-27.59616","153.05237"
"66a7f0c9-539c-ed11-8130-0050569a458f","findacpa","Alchemy Accountants","Shop 1, 220 Lillian Ave, SALISBURY QLD 4107, AUS","info@alchemyaccountants.com.au","+61731701373","http://www.alchemyaccountants.com.au","-27.55422","153.0315"
"e3eff3c4-c2b2-e711-80f3-0050569a458f","findacpa","Wilson & Wilson Accountants","U 7  78 Ormskirk St, CALAMVALE QLD 4116, AUS","michael@wilsontax.com.au","0414943092","http://www.wilsontax.com.au","-27.61997","153.03702"
"ec35a340-e6fe-ea11-810e-0050569a458f","findacpa","Baoying Huang t/a BHR Accounting","12 Meadowbank Ct, CALAMVALE QLD 4116, AUS","brooke@bhraccounting.com.au","+61432167319",,"-27.61386","153.05064"
"1f0aceea-0e77-e211-a04f-005056b30007","findacpa","NAC Australia Consultancy","PO Box 619, SUNNYBANK QLD 4109, AUS","twatanabe@nac-wmt.com.au","+61411487123",,"-27.57818","153.05937"
"a292bfbf-92c0-e511-9983-0050569a2c80","findacpa","Acme Accountants","4 Birchwood Ct, DURACK VIC 4077, AUS","sabarinathgn@hotmail.com","0449136240",,"-27.59581","152.99034"
"0698eb0f-5125-e111-a0c0-005056b3003f","findacpa","FortuneNote","65 Calliope St, RUNCORN QLD 4113, AUS","info@fortunenote.com.au","0730600488","http://www.fortunenote.com.au","-27.60527","153.06366"
"e2c6294c-5086-e411-9b13-0050569a6f1b","findacpa","KY Accountancy","U 3  409 Mains Rd, MACGREGOR QLD 4109, AUS","richard@kypartners.com.au","+61411614818","http://www.kypartners.com.au","-27.56907","153.06504"
"23afba9e-1a88-e011-87e1-005056b30007","findacpa","SBS Advisory Pty Ltd","16 Hillburn St, RUNCORN QLD 4113, AUS","darryl@sbsadvisory.com.au","061733445211",,"-27.58553","153.07118"
"18b92256-2c88-e011-972f-005056b3003f","findacpa","Tran Accountant","35 Inala Ave, INALA QLD 4077, AUS","tranaccountant@tpg.com.au","+61411557974",,"-27.59683","152.98365"
"5530fddb-9c01-e911-8104-0050569a458f","findacpa","JH ACCOUNTING SERVICES","19 Yewleaf Pl, CALAMVALE QLD 4116, AUS","joyce.jhacc@hotmail.com","+61418160166",,"-27.62055","153.06004"