accountId,type,name,address,email,phone,website,lat,lng
"adb203fc-1c88-e011-87e1-005056b30007","findacpa","Taxellence & Co Pty Ltd","Se 5  5 King St, ROCKDALE NSW 2216, AUS","peter@taxellence.com.au","+61295563188",,"-33.95258","151.13844"
"cf4d86b7-1388-e011-87e1-005056b30007","findacpa","Peter Konnaris","13 Station St, KOGARAH NSW 2217, AUS","kontax@bigpond.com","0295887188","http://","-33.9626","151.13166"
"03a37769-7340-e911-8104-0050569a458f","findacpa","Howell and Co Accounting Pty Ltd","13 Malakoff St, MARRICKVILLE NSW 2204, AUS","shawn@howellandco.com.au","+61417212287",,"-33.90693","151.15707"
"1cffeae3-4e5d-ec11-a3ee-0003ffc304c5","findacpa","IPM Tax & Accounting Pty Ltd","5 Crinan St, HURLSTONE PARK NSW 2193, AUS","preetig@ipmsolutions.com.au","+61423629377","http://www.ipmsolutions.com.au/","-33.90959","151.13219"
"5c1e3615-fd7c-e311-8aaf-0050569a6ed2","findacpa","TY Francis Accounting & Taxation","Shop 1  475 Marrickville Rd, DULWICH HILL NSW 2203, AUS","helen@tyfrancis.com.au","+61433527758","http://www.tyfrancis.com.au","-33.90398","151.14342"
"6bc55280-3288-e011-87e1-005056b30007","findacpa","ROBESQUE Pty Ltd","46 Hollywood St, MONTEREY NSW 2217, AUS","robesque@optusnet.com.au","+61295932333",,"-33.97781","151.14626"
"10c1b3cf-2aee-ed11-8133-0050569a458f","findacpa","FLOE Accounting and Consulting Services","U 1  2a Grey St, CARLTON NSW 2218, AUS","flrnccho@gmail.com","+61402246309","http://www.floeaccountingandandconsulting.com.au","-33.96811","151.12075"
"5b035de7-9402-e511-8f70-0050569a6f1c","findacpa","Velvet Accounting Pty Ltd","PO Box 421, RAMSGATE NSW 2217, AUS","rstrange@velvetaccounting.com.au","+61418455618","http://www.velvetaccounting.com.au","-33.9826","151.13997"
"12e572ae-d92c-ed11-8137-0050569a1c9a","findacpa","Rider Accountants & Advisors","15 Marana Rd, EARLWOOD NSW 2206, AUS","steven@rideraccountants.com.au","+61289578454","http://www.rideraccountants.com.au","-33.92449","151.11025"
"dc580830-3488-e011-87e1-005056b30007","findacpa","Your Empire Business Services Pty Ltd","PO Box 270, PETERSHAM NSW 2049, AUS","emile@empirebiz.com.au","+611300760660","http://www.yourempirebiz.com.au","-33.89455","151.15503"
"49c915c2-3f94-e711-80f1-0050569a1c9a","findacpa","Alexander Coulits","U 3  85 Bourke Rd, ALEXANDRIA NSW 2015, AUS","acellen@ozemail.com.au","+61411801180",,"-33.91965","151.18756"
"d17767e0-12f0-e211-b824-0050569a6f1b","findacpa","Hong Zhou","U 8  17 Tintern Rd, ASHFIELD NSW 2131, AUS","hzhou1@gmail.com","+61478322115",,"-33.8938","151.13078"
"49c4367b-3088-e011-87e1-005056b30007","findacpa","Crown Accounting PTY LTD","U 1  481-483 Parramatta Rd, LEICHHARDT NSW 2040, AUS","service@atax.com.au","+61297995522","http://www.aussieaccountants.com","-33.88851","151.15464"