accountId,type,name,address,email,phone,website,lat,lng
"f8c2c141-ee35-ec11-811f-0050569a458f","findacpa","Fatima Waniya","108 Auburn Rd, AUBURN NSW 2144, AUS","accounts@fwaniya.com","+61433818893",,"-33.85666","151.03203"
"a02f47d8-1a88-e011-82c3-005056b3003f","findacpa","Hussein Waniya & Co","108 Auburn Rd, AUBURN NSW 2144, AUS","waniya@bigpond.com","+61297495523",,"-33.85666","151.03203"
"d743d952-1f88-e011-87e1-005056b30007","findacpa","Peter Liesch","1 Mary St, AUBURN NSW 2144, AUS","lieschpa@aol.com","+61297495222",,"-33.85162","151.03215"
"cac5e56c-d67c-ec11-812f-0050569a1c9a","findacpa","Easy Tax Service","Suite 6, 22 Auburn Rd, AUBURN NSW 2144, AUS","info@easytaxservice.com.au","+61285420574","https://www.easytaxservice.com.au/","-33.85148","151.03313"
"d919c209-2088-e011-87e1-005056b30007","findacpa","Queeny Mee Kuen Liu  T/A Rawson Professionals & Co","Shop 6  45 Rawson St, AUBURN NSW 2144, AUS","queenymkl@gmail.com","+61296461867",,"-33.8498","151.03517"
"e6d860bc-9c62-f011-bec1-000d3aca5dbe","findacpa","Alpha Accounting & Taxation","Shop 2, 115-121 John St, LIDCOMBE NSW 2141, AUS","taxwithalpha@gmail.com","+61295920590","https://taxwithalpha.com.au/","-33.85485","151.04746"
"983ce714-1488-e011-87e1-005056b30007","findacpa","FBA Partners Pty  Limited","84a Waldron Rd, CHESTER HILL NSW 2162, AUS","fba@fba.net.au","+61296448533","http://www.fbapartners.com.au/","-33.88328","151.00404"
"44716df3-1c6f-ea11-8109-0050569a458f","findacpa","D Soral Finance Pty Ltd","38 Alfred St, GRANVILLE NSW 2142, AUS","dsoral@gmail.com","+61423300462",,"-33.82927","151.01495"
"8a92a9f1-2969-ed11-813b-0050569a1c9a","findacpa","SydWest Tax","U 15  9-11 Wigram St, HARRIS PARK NSW 2150, AUS","khuldoon@gmail.com","+61451595582",,"-33.82624","151.00872"
"9250332f-1988-e011-87e1-005056b30007","findacpa","Total Finance (Accounting) Pty Ltd","45 High St, PARRAMATTA NSW 2150, AUS","hollis.ho@totalfinance.com.au","+61296339235","http://www.totalfinance.com.au","-33.82448","151.0063"
"3f15795e-4b8d-ec11-812f-0050569a1c9a","findacpa","HP ACCOUNTANTS & ADVISERS","6 Albion St, HARRIS PARK NSW 2150, AUS","jafri@smsffs.com.au","+61296871577","http://www,.smsffs.com.au","-33.82214","151.01016"
"cf12c8e1-b521-e311-a591-0050569a6f1c","findacpa","Smart Tax Advisors","U 6  96 Wigram St, HARRIS PARK NSW 2150, AUS","jignesh@staxadvisors.com.au","+61298911096","http://www.staxadvisors.com.au","-33.82065","151.00896"
"17643040-d406-ec11-812a-0050569a1c9a","findacpa","NDC ACCOUNTING","U 1007, 228 Pitt St, MERRYLANDS NSW 2160, AUS","rajibglobal395@gmail.com","+61414234344",,"-33.83488","150.99255"
"f41d1d28-efd5-e911-810a-0050569a1c9a","findacpa","H Accounting","U 29  8 Avenue of the Americas, NEWINGTON NSW 2127, AUS","hjharrison001@gmail.com","+61452568820",,"-33.83308","151.05428"
"665372f9-0407-ea11-b265-0003ffc3178a","findacpa","GPA Professionals","U 1006  1 Carter St, LIDCOMBE NSW 2141, AUS","charlie.c@gpaprofessionals.com","+61416801888","http://www.gpaprofessionals.com.au","-33.85239","151.06251"
"85c17545-9282-e911-8107-0050569a1c9a","findacpa","SR Mithani & Co","L 15  60 Station St E, PARRAMATTA NSW 2150, AUS","srmithani@srmithani.com.au","+61424576532","http://www.srmithani.com.au","-33.81856","151.00726"
"2c6c2990-5248-e411-ba8d-0050569a6f1c","findacpa","Rajeeb Panta","438 Hume Hwy, YAGOONA NSW 2199, AUS","rajeeb@rrpa.com.au","+61296727660",,"-33.9076","151.0269"
"42504416-ca42-ed11-8138-0050569a1c9a","findacpa","Numbers Translators Pty Ltd","U 40  11-19 Mandemar Ave, HOMEBUSH WEST NSW 2140, AUS","ellenbookkeeping@gmail.com","+61412087528",,"-33.86148","151.06526"
"79e84041-5542-ef11-a316-000d3ae07cae","findacpa","Trace Accounting Tax & Advisory","L 1  93 George St, PARRAMATTA NSW 2150, AUS","admin@traceaccounting.com.au","61 2 7252 7151",,"-33.81517","151.00836"
"89b54a0d-a998-ea11-8113-0050569a1c9a","findacpa","Heads-up Advisory","Se 2, L 5  91 George St, PARRAMATTA NSW 2150, AUS","ravi@huadv.com.au","+61291388800","http://www.headsupadvisory.com.au","-33.81496","151.0082"
"7a24beaf-2d63-e511-bfd3-0050569a6f1c","findacpa","Zima Business & Taxation Consulting","PO Box 105, MERRYLANDS NSW 2160, AUS","mary.mattar@zimabtc.com.au","01414340292","http://www.zimabtc.com.au","-33.83602","150.98668"
"c4854b36-d5fc-e311-804e-0050569a6f1b","findacpa","Carnegie Accounting Services Pty Ltd","L 7  34 Charles St, PARRAMATTA NSW 2150, AUS","jon@carnegie.com.au","+61296871966",,"-33.81392","151.00988"
"079f9f3e-4c8c-e611-80e5-0050569a458f","findacpa","Impact Taxation and Financial Services","U 1, 96a Little Rd, YAGOONA NSW 2199, AUS","brenda.ferguson@impacttfs.com.au","+61401763675","http://www.impacttfs.com.au","-33.90994","151.02439"
"184431b7-56a2-e011-8bb9-005056b30007","findacpa","Ray Accounting Group","PO Box 1208, PARRAMATTA NSW 2124, AUS","vijaydantu@gmail.com","+61278068748","http://www.vijaydantu.com","-33.81396","151.00688"
"9566724c-2a88-e011-87e1-005056b30007","findacpa","Vicaretti & Associates","L 1  95 Macquarie St, PARRAMATTA NSW 2150, AUS","anthony@vicarettiandassociates.com.au","+61298069800",,"-33.81553","151.00374"
"aa7043a4-c712-e911-9461-0003ff49bcfb","findacpa","MaC Insolvency","L 7  91 Phillip St, PARRAMATTA NSW 2150, AUS","info@macinsolvency.com","+61280029580","http://www.macinsolvency.com","-33.81317","151.00628"
"26d31b56-a1e3-eb11-8128-0050569a1c9a","findacpa","Core Tax Strategies & Core Bookkeeping Strategies","L 7  91 Phillip St, PARRAMATTA NSW 2150, AUS","kushan@core-biz.com.au","+61288931252","http://www.core-biz.com.au","-33.81317","151.00628"