accountId,type,name,address,email,phone,website,lat,lng
"fbad39c5-3488-e011-87e1-005056b30007","findacpa","Green Thumb Accounting","23 Central Rd, AVALON BEACH NSW 2107, AUS","greenthumbaccounting@hotmail.com","+61449642434",,"-33.63378","151.32745"
"5ad9e4dc-793d-ea11-810e-0050569a1c9a","findacpa","Axiom Accounting","10 Howell Cl, NEWPORT NSW 2106, AUS","tax@axiomaccounting.com.au","+61412121486",,"-33.65014","151.31937"
"523c338a-c951-e511-8666-0050569a6f1b","findacpa","Verity Financial Services Pty Ltd","PO Box 374, NEWPORT BEACH NSW 2106, AUS","rachel-verity@bigpond.com","+61299733284","http://www.strategicbudgets.com.au","-33.6566","151.31523"
"1f414b2f-139c-e711-80f1-0050569a1c9a","findacpa","Resolve Accounting Pty Ltd","12 Bellevarde Pde, MONA VALE NSW 2103, AUS","alison@resolve-accounting.com.au","61425061538","https://resolve-accounting.com.au/","-33.67133","151.31164"
"a9c2f345-626a-e611-9fbf-0050569a097c","findacpa","Salt Surf Co Pty Ltd ATF Salt Surf Co Unit Trust t/a Oceanview Accountants","Se 21  1714 Pittwater Rd, BAYVIEW NSW 2104, AUS","sandro@oceanviewca.com.au","+61752398976","http://www.oceanviewca.com.au/","-33.65947","151.29795"