accountId,type,name,address,email,phone,website,lat,lng
"57236272-c43f-e411-91c2-0050569a6f1b","findacpa","Australasian Accountants Pty Ltd","PO Box 691, BANKSTOWN NSW 1885, AUS","fiona@francistan.com.au","0297906377","http://www.francistan.com.au","-33.9205","151.03182"
"079f9f3e-4c8c-e611-80e5-0050569a458f","findacpa","Impact Taxation and Financial Services","U 1, 96a Little Rd, YAGOONA NSW 2199, AUS","brenda.ferguson@impacttfs.com.au","+61401763675","http://www.impacttfs.com.au","-33.90994","151.02439"
"ffb19eac-ab5d-ea11-8110-0050569a1c9a","findacpa","Avate Accountants & Advisors Pty Ltd","25 Restwell St, BANKSTOWN NSW 2200, AUS","info@avate.com.au","+61291371000","http://www.avate.com.au","-33.91996","151.03388"
"d8feab12-b071-e311-90e2-0050569a6f1c","findacpa","ATP Tax Accountants","Level 8, 25 Restwell St, BANKSTOWN NSW 2200, AUS","rafiq@atptax.com","+61414254020","http://atptax.com/","-33.91998","151.03458"
"2c6c2990-5248-e411-ba8d-0050569a6f1c","findacpa","Rajeeb Panta","438 Hume Hwy, YAGOONA NSW 2199, AUS","rajeeb@rrpa.com.au","+61296727660",,"-33.9076","151.0269"
"c5119228-2a0c-ef11-9f89-00224814aaad","findacpa","H&H Tax Consultants","299 Marion St, YAGOONA NSW 2199, AUS","yasar@hhtax.com.au","+61430130009","https://hhtax.com.au","-33.91612","151.00739"
"c7edbdca-1788-e011-87e1-005056b30007","findacpa","Kuckreja Accounting & Taxation Services Pty Ltd","89 Sturt Ave, GEORGES HALL NSW 2198, AUS","admin@kuckreja.com.au","+61297086978",,"-33.91229","150.99942"
"1a693ab2-1288-e011-87e1-005056b30007","findacpa","Gokani & Associates Services","96 Cahors Rd, PADSTOW NSW 2211, AUS","admin@gokani.com.au","+61297921422",,"-33.94994","151.03008"
"983ce714-1488-e011-87e1-005056b30007","findacpa","FBA Partners Pty  Limited","84a Waldron Rd, CHESTER HILL NSW 2162, AUS","fba@fba.net.au","+61296448533","http://www.fbapartners.com.au/","-33.88328","151.00404"