accountId,type,name,address,email,phone,website,lat,lng
"e715b683-606b-e711-80ee-0050569a458f","findacpa","True North Business Advisory Pty Ltd","10 Marcanna Pl, BEACONSFIELD VIC 3807, AUS","gavin.k@tnba.com.au","61408867107","http://www.tnba.com.au/","-38.04985","145.38036"
"b806124d-f1bd-eb11-811a-0050569a458f","findacpa","DAC ACCOUNTING SERVICES","6 Belmont Rd, BERWICK VIC 3806, AUS","damien@dacaccounting.com.au","+61412574063",,"-38.06834","145.35337"
"a21006f9-1e88-e011-87e1-005056b30007","findacpa","Casey Partners Pty Ltd","67 High St, BERWICK VIC 3806, AUS","admin@caseypartners.com.au","+61397072788","http://www.caseypartners.com.au","-38.03105","145.34723"
"809136da-1788-e011-87e1-005056b30007","findacpa","R J  Ryan Partners","U 1  12 Langmore Lane, BERWICK VIC 3806, AUS","business@rjryanpartners.com.au","+61396461155","http://www.rjryanpartners.com.au","-38.03342","145.34521"
"adfa231b-2fee-ed11-8133-0050569a458f","findacpa","Grasmere Ridge","6 Camley Ct, BERWICK VIC 3806, AUS","matt@grasmereridge.com.au","+61419325967","http://www.grasmereridge.com.au","-38.02373","145.3447"
"4f854ce5-5bb7-ea11-810b-0050569a458f","findacpa","Probe Taxation","51 Hancock Dr, BERWICK VIC 3806, AUS","daurora@probetaxation.com.au","+61490136414","http://www.probetaxation.com.au","-38.04663","145.33114"