accountId,type,name,address,email,phone,website,lat,lng
"3ffdcb3c-a8d7-eb11-811b-0050569a458f","findacpa","Khinda Associates Pty Ltd","U 6  24-28 First Ave, BLACKTOWN NSW 2148, AUS","pk@khinda.com.au","+61421732315","http://www.khinda.com.au","-33.76799","150.90969"
"e36a2028-c17e-ea11-8112-0050569a1c9a","findacpa","Minhas & Co","Se 9  72 Main St, BLACKTOWN NSW 2148, AUS","amritpal@minhas.au","+61291880731","https://www.minhas.au","-33.77019","150.90906"
"69f79c84-2bbb-ea11-810b-0050569a458f","findacpa","First Class Accounts - Blacktown","Level 3, 81 Flushcombe Rd, BLACKTOWN NSW 2148, AUS","eileen.catindig@firstclassaccounts.com","+61433993475","https://www.firstclassaccounts.com/blacktown/","-33.77279","150.90777"
"3a094b1d-4c67-e311-9cec-0050569a6ed0","findacpa","I-Success Partners","U 25  15-17 Kildare Rd, BLACKTOWN NSW 2148, AUS","admin@isuccess.net.au","+61288093281","http://www.isuccess.net.au","-33.76851","150.90481"
"ef2ddac9-22d3-eb11-811b-0050569a458f","findacpa","AJ Lee & Associates","28 Merlin St, BLACKTOWN NSW 2148, AUS","anthonylee7@bigpond.com","+61412936488",,"-33.78672","150.90731"
"7ee48e53-dabb-ed11-8131-0050569a458f","findacpa","A J Lee & Associates Pty Ltd","28 Merlin St, BLACKTOWN NSW 2148, AUS","anthonylee7@bigpond.com","+61296223597",,"-33.78672","150.90731"
"311a9e08-1888-e011-87e1-005056b30007","findacpa","Integra Accounting & Tax Services","1 Finn Pl, MARAYONG NSW 2148, AUS","sk@integraaccounting.com.au","+61296211912","http://","-33.75082","150.89774"
"2a0b5098-1288-e011-87e1-005056b30007","findacpa","B J Houng & Co","U 2  4-6 Lyton St, BLACKTOWN NSW 2148, AUS","bhoung1@bigpond.com","+61296229863",,"-33.75747","150.89401"
"17c223fa-1888-e011-87e1-005056b30007","findacpa","M.J.Dunn & Co.Pty Limited","62 Whitby Rd, KINGS LANGLEY NSW 2147, AUS","mike@mjdunn.com.au","+61288149055",,"-33.74885","150.93925"
"a35be2c2-e4a3-e711-80f1-0050569a1c9a","findacpa","AAT Plus Services Pty Ltd","49 Aliberti Dr, BLACKTOWN NSW 2148, AUS","s.rem@bigpond.com","+61296789568",,"-33.78546","150.88634"
"4474578e-d12d-ea11-8454-0003ffc30c8d","findacpa","Orison Accounting Services","6 Pitapunga Cl, WOODCROFT NSW 2767, AUS","ashu@orisonaccounting.com.au","+61424135773","http://www.orisonaccounting.com.au","-33.75798","150.88206"
"68c364f9-fee5-eb11-8128-0050569a1c9a","findacpa","Reliance Loans & Accounting Services Pty Ltd","14 Nymagee St, GLENWOOD NSW 2768, AUS","reliance.fintax@gmail.com","+61433411720",,"-33.73418","150.92982"
"742bc94e-aabe-eb11-8127-0050569a1c9a","findacpa","Business And Tax Solutions Australia Pty Ltd","41 Kieren Dr, BLACKTOWN NSW 2148, AUS","admin@businessntax.com.au","+61286309061","http://businessntax.com.au","-33.78168","150.88273"
"0ab7a2fa-dc45-ec11-811f-0050569a458f","findacpa","Siew Hie Wong","21 Karri Pl, PARKLEA NSW 2768, AUS","tammywongnco@gmail.com","+61452227607",,"-33.72831","150.92287"
"0a341064-cf65-f011-bec3-7ced8d34c516","findacpa","JSN ACCOUNTANTS AND BUSINESS CONSULTANTS","73 Sentry Dr, STANHOPE GARDENS 2768, AUS","janardhans@hotmail.com","+61435263524",,"-33.72445","150.91844"
"93922980-39e0-ee11-904d-000d3ae17c3f","findacpa","REAL VALUE BUSINESS SOLUTIONS","2 Amber Cl, PARKLEA NSW 2768, AUS","real_value@msn.com","0433087321",,"-33.72429","150.91947"
"d44267bf-5286-e911-8107-0050569a1c9a","findacpa","Royal Accounting and Taxation Services","32 Phoenix Ave, STANHOPE GARDENS NSW 2768, AUS","gotaxrefunds@gmail.com","+61433338185",,"-33.72353","150.9212"
"c8ae6192-3688-e011-87e1-005056b30007","findacpa","Jaypro Tax And Business Solutions Pty Ltd","U 5  14 Valeria St, TOONGABBIE NSW 2146, AUS","jaykar@jaypro.com.au","+61296279161","http://www.jaypro.com.au","-33.78475","150.94818"
"af3ef633-abc7-ed11-813e-0050569a1c9a","findacpa","OzLedger","13 East India St, BUNGARRIBEE NSW 2767, AUS","selva@ozledger.com.au","+61422733051","http://www.ozledger.com.au","-33.77479","150.87209"
"85bfb8e1-4c96-e911-8108-0050569a1c9a","findacpa","A D Barnett & Co Pty Ltd","Level 1, 1 Cornelia Rd, TOONGABBIE NSW 2146, AUS","wayne@adbco.com.au","+61296365522","http://www.adbco.com.au","-33.78696","150.94997"
"11e31113-f487-ed11-813c-0050569a1c9a","findacpa","Finclair Advisory Pty Ltd","Unit 247, 14 Lexington Dr, Suite 8, BELLA VISTA NSW 2153, AUS","contact@finclair.com.au","+61 1800 97 96 98","http://www.finclair.com.au","-33.73668","150.94629"
"2aa48380-7cee-e211-abf3-0050569a6f1c","findacpa","Reliance Accounting Pty Ltd","Shop 2  15 Portico Pde, TOONGABBIE NSW 2146, AUS","soheb@relianceaccounting.com.au","+61280641560","http://www.relianceaccounting.com.au","-33.78713","150.95079"
"bd8fe1c9-69f6-e711-90cd-0003ff499636","findacpa","Lloyd & Partners Pty Ltd","Shop 2a  15-19 Toongabbie Rd, TOONGABBIE NSW 2146, AUS","tarun@lloydpartners.com.au","+61296885840","http://www.lloydpartners.com.au","-33.78898","150.95001"
"3fae6fdf-660a-ea11-810c-0050569a1c9a","findacpa","DD Tax Services","12 Ipswich Ave, GLENWOOD NSW 2768, AUS","deep@ddtax.com.au","+61435050695","https://www.ddtax.com.au/","-33.72565","150.93646"
"123ca478-a584-e311-aa19-0050569a6f1c","findacpa","LANDEN FINANCIAL SERVICES PTY LTD","U 16  24-32 Lexington Dr, BELLA VISTA NSW 2153, AUS","crystal@landen.com.au","+61288833706",,"-33.73424","150.94522"
"d42d5546-577d-e111-a0c0-005056b3003f","findacpa","Start Grow Run","F78B, 24-32 Lexington Dr, BELLA VISTA NSW 2153, AUS","kyle@startgrowrun.com.au","+61291130811","http://www.startgrowrun.com.au","-33.73424","150.94522"
"f1afd3f8-2388-e011-972f-005056b3003f","findacpa","VJ Accounting & Taxation Services","7 Tarwin St, GLENWOOD NSW 2768, AUS","naresh@vjaccounting.com","+61296291300","http://www.vjaccounting.com.au/","-33.72678","150.93865"
"c3e99c13-4102-e911-8104-0050569a458f","findacpa","M3 Tax and Accounting Services","U 2  2 Hill End Rd, DOONSIDE NSW 2767, AUS","mmmiranda2011@yahoo.com.au","+61426859439",,"-33.76337","150.86915"
"0dd42b93-61d1-eb11-ba5e-0003ff6f6520","findacpa","Wealthcrest Accountants & Business Advisors","U 203  33 Lexington Dr, BELLA VISTA NSW 2153, AUS","vishal@wealthcrest.com.au","+61272293838","http://www.wealthcrest.com.au","-33.73254","150.94583"
"b38a2f2c-99ba-ea11-8116-0050569a1c9a","findacpa","SRA Partners","U 404  33 Lexington Dr, BELLA VISTA NSW 2153, AUS","services@srapartners.com.au","+61298914611","http://www.srapartners.com.au","-33.73253","150.94583"
"5656d5e3-2088-e011-82c3-005056b3003f","findacpa","J H Business Services & Taxation","U 205  29-31 Lexington Dr, BELLA VISTA NSW 2153, AUS","jh.business.services@gmail.com","+61288834818",,"-33.73332","150.94644"
"01614002-25ae-eb11-8126-0050569a1c9a","findacpa","Amvision Business Services","2 Oadby Pl, STANHOPE GARDENS NSW 2768, AUS","sylvia@amvision.com.au","+61430911129","http://amvision.com.au","-33.71724","150.92486"