accountId,type,name,address,email,phone,website,lat,lng
"30ad2e65-0ee0-e511-92c2-0050569a2c80","findacpa","SWM Partners Pty Ltd","U 2  12-14 Homedale Cres, CONNELLS POINT NSW 2221, AUS","wangyucong99@gmail.com","+61431587549",,"-33.98085","151.09922"
"a996fb47-e700-e111-9922-005056b30007","findacpa","Pavden Pty Ltd","149 Woids Ave, CARLTON NSW 2218, AUS","pavle@atlasplus.com.au",,,"-33.97829","151.11765"
"482cee0c-1988-e011-87e1-005056b30007","findacpa","Tam & Partners","90 Hurstville Rd, HURSTVILLE GROVE NSW 2220, AUS","bentam828@gmail.com","+61289605330",,"-33.97619","151.0924"
"37c44d3f-ea8c-e911-80e7-0003ff6ff51e","findacpa","Applied Accounting and Taxation","Suite 103, 32 Ormonde Pde, HURSTVILLE NSW 2220, AUS","pdhakal920@gmail.com","+61401031136","http://www.appliedaccounting.com.au","-33.96789","151.10219"
"1819e04f-1591-e711-80f1-0050569a458f","findacpa","K & K Accounting & Business Services","Se 152  10 Park Rd, HURSTVILLE NSW 2220, AUS","keshab@knkaccounting.com.au","0423322983","https://www.knkaccounting.com.au","-33.96659","151.10627"
"c5b77d2e-0080-ed11-a81c-002248990531","findacpa","AAL Consulting Pty Ltd","SUITE 22, L 3  2 Cross St, HURSTVILLE NSW 2220, AUS","admin@aal-consulting.com","+61295861822","https://aalconsultants.com/","-33.9656","151.10416"
"ee393b79-2b88-e011-87e1-005056b30007","findacpa","ATB Accounting","Se 7  10-12 Woodville St, HURSTVILLE NSW 2220, AUS","admin@atbs.net.au","+61295851042","http://www.atbs.net.au","-33.96513","151.10301"
"0a4560a3-3188-e011-87e1-005056b30007","findacpa","Omnilink Tax and Business Advisors Pty Ltd","Se 26  33 MacMahon St, HURSTVILLE NSW 2220, AUS","omnilink@optusnet.com.au","+61280847663",,"-33.96547","151.10209"
"ab9e199e-1a88-e011-82c3-005056b3003f","findacpa","MBA Accountants & Business Advisors","Se 4  10-12 Woodville St, HURSTVILLE NSW 2220, AUS","info@mbaaccountants.com.au","+61295802622","http://www.mbaaccountants.com.au","-33.96513","151.10301"
"0097086a-22cb-e111-83ea-005056b3003f","findacpa","St George Taxcare Pty Ltd","Unit 9B, Se 9  10-12 Woodville St, HURSTVILLE NSW 2220, AUS","info@sgtax.com.au","+61289570671","http://www.sgtax.com.au","-33.96514","151.10301"
"85484613-1988-e011-87e1-005056b30007","findacpa","N Kalaitzis & Co Pty Ltd","Suite 4E, L 4  34 MacMahon St, HURSTVILLE NSW 2220, AUS","nkalaitzis@bigpond.com","+61295704600",,"-33.96549","151.10133"
"10c1b3cf-2aee-ed11-8133-0050569a458f","findacpa","FLOE Accounting and Consulting Services","U 1  2a Grey St, CARLTON NSW 2218, AUS","flrnccho@gmail.com","+61402246309","http://www.floeaccountingandandconsulting.com.au","-33.96811","151.12075"
"fc1cdf27-1a88-e011-87e1-005056b30007","findacpa","Simon Wu & Co Pty  Ltd","PO Box 572, SANS SOUCI NSW 2219, AUS","simon@simonwu.com.au","+61292110228","http://www.simonwu.com.au","-33.99599","151.13126"
"dd345556-3680-e411-91d3-0050569a6ed2","findacpa","Frank Tax Consulting","Frank Tax Consulting, 67-69 Kimberley Rd, HURSTVILLE NSW 2220, AUS","frank@franktaxconsulting.com.au","+61295858759","http://www.franktaxconsulting.com.au","-33.9586","151.10298"
"0bc69088-1488-e011-87e1-005056b30007","findacpa","David Kutcher & Co","33a Penshurst St, PENSHURST NSW 2222, AUS","david@kutcher.com.au","+61295704400","http://","-33.96483","151.08768"
"5b035de7-9402-e511-8f70-0050569a6f1c","findacpa","Velvet Accounting Pty Ltd","PO Box 421, RAMSGATE NSW 2217, AUS","rstrange@velvetaccounting.com.au","+61418455618","http://www.velvetaccounting.com.au","-33.9826","151.13997"
"cf4d86b7-1388-e011-87e1-005056b30007","findacpa","Peter Konnaris","13 Station St, KOGARAH NSW 2217, AUS","kontax@bigpond.com","0295887188","http://","-33.9626","151.13166"
"8eebe99c-3088-e011-87e1-005056b30007","findacpa","Margetson & Associates Pty Ltd","PO Box 4146, OATLEY NSW 2223, AUS",,"+61295961755",,"-33.98387","151.07346"
"a44fd72e-2f88-e011-87e1-005056b30007","findacpa","Michael Faulkner & Associates","Se 10  1 Box Rd, CARINGBAH NSW 2229, AUS","michael@faulknerassociates.com.au","+61295243700","http://faulknerassociates.com.au","-34.02458","151.1267"
"8af5f4ff-57be-e911-8107-0050569a458f","findacpa","Van Cotter Partners","L 4  29 Kiora Rd, MIRANDA NSW 2228, AUS","kcotter@vancotterpartners.com.au","+61428884172","http://www.vancotterpartners.com.au","-34.03312","151.10182"
"c3775aaa-1388-e011-87e1-005056b30007","findacpa","Sydney Accountants.com Pty Ltd","U 2  14-16 Central Rd, MIRANDA NSW 2228, AUS","guy@sydneyaccountants.com","+61295403866","http://www.sydneyaccountants.com/","-34.03341","151.10087"
"6bc55280-3288-e011-87e1-005056b30007","findacpa","ROBESQUE Pty Ltd","46 Hollywood St, MONTEREY NSW 2217, AUS","robesque@optusnet.com.au","+61295932333",,"-33.97781","151.14626"
"654c81de-8817-e911-9461-0003ff4963c0","findacpa","Insolvency Options","Fy 205  17 Wurrook Cct, CARINGBAH NSW 2229, AUS","darren@iodebt.com.au","+61411170587","http://www.insolvencyoptions.com.au","-34.03058","151.129"
"d288a235-2688-e011-87e1-005056b30007","findacpa","Andrew McKay CPA Pty Ltd","Se 2  94 Kiora Rd, MIRANDA NSW 2228, AUS","andrew@mckaycpa.com.au","+61295318441","http://www.mckaycpa.com.au","-34.03669","151.10198"
"adb203fc-1c88-e011-87e1-005056b30007","findacpa","Taxellence & Co Pty Ltd","Se 5  5 King St, ROCKDALE NSW 2216, AUS","peter@taxellence.com.au","+61295563188",,"-33.95258","151.13844"