accountId,type,name,address,email,phone,website,lat,lng
"adb203fc-1c88-e011-87e1-005056b30007","findacpa","Taxellence & Co Pty Ltd","Se 5  5 King St, ROCKDALE NSW 2216, AUS","peter@taxellence.com.au","+61295563188",,"-33.95258","151.13844"
"6bc55280-3288-e011-87e1-005056b30007","findacpa","ROBESQUE Pty Ltd","46 Hollywood St, MONTEREY NSW 2217, AUS","robesque@optusnet.com.au","+61295932333",,"-33.97781","151.14626"
"cf4d86b7-1388-e011-87e1-005056b30007","findacpa","Peter Konnaris","13 Station St, KOGARAH NSW 2217, AUS","kontax@bigpond.com","0295887188","http://","-33.9626","151.13166"
"5b035de7-9402-e511-8f70-0050569a6f1c","findacpa","Velvet Accounting Pty Ltd","PO Box 421, RAMSGATE NSW 2217, AUS","rstrange@velvetaccounting.com.au","+61418455618","http://www.velvetaccounting.com.au","-33.9826","151.13997"
"10c1b3cf-2aee-ed11-8133-0050569a458f","findacpa","FLOE Accounting and Consulting Services","U 1  2a Grey St, CARLTON NSW 2218, AUS","flrnccho@gmail.com","+61402246309","http://www.floeaccountingandandconsulting.com.au","-33.96811","151.12075"
"a996fb47-e700-e111-9922-005056b30007","findacpa","Pavden Pty Ltd","149 Woids Ave, CARLTON NSW 2218, AUS","pavle@atlasplus.com.au",,,"-33.97829","151.11765"
"fc1cdf27-1a88-e011-87e1-005056b30007","findacpa","Simon Wu & Co Pty  Ltd","PO Box 572, SANS SOUCI NSW 2219, AUS","simon@simonwu.com.au","+61292110228","http://www.simonwu.com.au","-33.99599","151.13126"