accountId,type,name,address,email,phone,website,lat,lng
"1a455b56-1a88-e011-87e1-005056b30007","findacpa","Kim P Ong & Co","249 John St, CABRAMATTA WEST NSW 2166, AUS",,"+61297286552","http://","-33.89245","150.91905"
"ee530a82-1b88-e011-87e1-005056b30007","findacpa","Sunny Wong & Co","Shop 27  193 Railway Pde, CABRAMATTA NSW 2166, AUS","sunny@sunnywongaccountants.com.au","+61297260566",,"-33.89431","150.93816"
"c32d23d8-039a-e811-8102-0050569a1c9a","findacpa","Prudence Accounting","U 1  32 Castlereagh St, LIVERPOOL NSW 2170, AUS","steven@pdgp.com.au","0282106711",,"-33.91924","150.9209"
"3bee35a5-3088-e011-87e1-005056b30007","findacpa","Southside Taxation & Financial Services Pty Ltd","197 Northumberland St, LIVERPOOL NSW 2170, AUS","mail@southsidetaxation.com.au","+61298214717","http://www.southsidetaxation.com.au","-33.92005","150.92288"
"352a09d5-7cd8-eb11-811b-0050569a458f","findacpa","Alliance Accounting","Se 5  173-179 Bigge St, LIVERPOOL NSW 2170, AUS","theo@allianceaccounting.com.au","1300135918","http://www.allianceaccounting.com.au","-33.92185","150.92676"
"7eb91921-1488-e011-87e1-005056b30007","findacpa","Business & Taxation Concepts","L 1  147 Northumberland St, LIVERPOOL NSW 2170, AUS","admin@btconcepts.com.au","+61296021100","http://www.btconcepts.com.au","-33.92108","150.92241"
"9db46f41-c97c-ed11-812e-0050569a458f","findacpa","Garufi McDonald Pty Ltd","Se 1  220 Northumberland St, LIVERPOOL NSW 2170, AUS","con@garufica.com.au",,"http://www.garufica.com.au","-33.92336","150.92261"
"806a5346-1699-e811-8102-0050569a1c9a","findacpa","Financial Services NSW Pty Ltd","46 McCarthy St, FAIRFIELD WEST NSW 2165, AUS","george@fsnsw.com.au","0404229614","http://www.fsnsw.com.au","-33.86477","150.91673"
,"financialplanners","Massimiliano Pagnin","PO Box 108, LIVERPOOL, NSW, 1871","max@alturafinancial.com.au","061-02-87760104","www.alturafinancial.com.au","-33.92364","150.91586"
"7dc81487-1588-e011-87e1-005056b30007","findacpa","Pomponio & Associates","Se 16  4 Station St, FAIRFIELD NSW 2165, AUS","pomponioandassoc@bigpond.com.au","+61297264499","http://","-33.86878","150.95376"
"61b91888-e79c-eb11-8122-0050569a1c9a","findacpa","Essential Accounting Sydney","57 Katinka St, BONNYRIGG NSW 2177, AUS","jpappas2601@gmail.com","+61401130684",,"-33.89732","150.89449"
"c911a900-d2ed-e211-9d4a-0050569a6f1b","findacpa","Sagitta Consulting & Business Solutions Pty Ltd","40 Magree Cres, CHIPPING NORTON NSW 2170, AUS","info@sagittaconsulting.com.au","+61499990728","http://www.sagittaconsulting.com.au","-33.92763","150.95059"
"30bbe75c-2488-e011-972f-005056b3003f","findacpa","Jack Emmanuel","U 6  4 Alan St, FAIRFIELD NSW 2165, AUS","jack@jackemmanuelco.com.au","+61297557007",,"-33.86953","150.95837"
"d726475a-40bc-eb11-8127-0050569a1c9a","findacpa","Platinum Accountants & Advisors Pty Ltd","51 Ernest Ave, CHIPPING NORTON NSW 2170, AUS","enquiry@platinumaccountants.com.au","+61287172222","http://platinumaccountants.com.au","-33.913","150.96197"
"9c250c9a-40bc-eb11-8127-0050569a1c9a","findacpa","Choice Accountants & Advisors Pty Ltd","51 Ernest Ave, CHIPPING NORTON NSW 2170, AUS","rajprasad@platinumaccountants.com.au","+61287172222","http://www.choice.accountants","-33.913","150.96197"
"1f45c8ec-1c88-e011-82c3-005056b3003f","findacpa","R Prasad & Co","172 The Horsley Dr, CARRAMAR NSW 2163, AUS","rampras9@bigpond.net.au","+61297256661",,"-33.8785","150.9657"
"7c46db5a-9c5e-eb11-8120-0050569a1c9a","findacpa","Champion Accountants Group Pty Ltd","3 Guthega Pl, BOSSLEY PARK NSW 2176, AUS","info@championaccountants.com.au","+61433338819","https://championaccountants.com.au","-33.86058","150.89518"