accountId,type,name,address,email,phone,website,lat,lng
"fb732e46-1788-e011-87e1-005056b30007","findacpa","Ponton And Bunting","6 8 Thomas Brew Lane, CROYDON VIC 3136, AUS","rmcn@bigblue.net.au","+61397256333",,"-37.79529","145.28233"
"55063d4f-3aba-e811-8103-0050569a1c9a","findacpa","CLY Tax Accountants","U 4  174 Main St, CROYDON VIC 3136, AUS","camilla.c@clygroup.com.au","+61387196912","http://www.clytaxaccountants.com.au/","-37.79815","145.28117"
"09c45b50-1a88-e011-87e1-005056b30007","findacpa","Wright Doig & Co","294 Mt Dandenong Rd, CROYDON VIC 3136, AUS",,"+61397252789","http://www.wrightdoig.com.au","-37.79969","145.28804"
"654061f8-49a2-e711-80f1-0050569a1c9a","findacpa","Sheron Russo Pty Ltd","10 Park Lane, CROYDON VIC 3136, AUS","s.russo@sheronrusso.com.au","61397251191",,"-37.80772","145.27404"
"2caf3c8c-1288-e011-87e1-005056b30007","findacpa","Dines Accounting and Taxation Pty Ltd","1 Larissa Ct, CROYDON VIC 3136, AUS","margaret.dines@optusnet.com.au","+61403854312",,"-37.80416","145.29543"
"c10a296c-3288-e011-87e1-005056b30007","findacpa","Cookin the Books Hospitality Financial Solutions","16 Yallambee Way, CROYDON VIC 3136, AUS","karin@cookinthebooks.com.au","0414595176","http://www.cookinthebooks.com.au","-37.78939","145.29872"
"962cb58d-1f88-e011-82c3-005056b3003f","findacpa","WR Vincent & Associates","U 1  1-7 Maroondah Hwy, CROYDON VIC 3136, AUS","wrv@iinet.net.au","+61400593039",,"-37.79284","145.26003"
"b641152e-c1e3-e811-a140-0003ff49cc75","findacpa","DFG Accounting Services Pty Ltd","U 2, G  1 Sigma Dr, CROYDON SOUTH VIC 3136, AUS","debbieg@treyvaud-sheard.com.au","0397268988",,"-37.81439","145.29572"
"c35ce249-1c88-e011-82c3-005056b3003f","findacpa","STM Accounting Group","U 6, 1 Sigma Dr, CROYDON SOUTH VIC 3136, AUS","solutions@stmaccounting.com.au","0398798355","http://www.stmaccounting.com.au","-37.81508","145.29589"
"1ee0695a-3584-e111-a0c0-005056b3003f","findacpa","Varelas Accountants","7 Vicki St, CROYDON VIC 3136, AUS","george@varelasaccountants.com.au","+61387414917","http://www.gcvarelas.com.au","-37.77491","145.29957"
"787284e9-cf24-ec11-812b-f467d8c15fb1","findacpa","DEED ACCOUNTANTS PTY LTD","20 Walhalla Dr, RINGWOOD EAST VIC 3135, AUS","terence.tangmin@gmail.com","+61423353704","http://www.deedaccountants.com.au","-37.81981","145.25977"
"a715199b-2088-e011-82c3-005056b3003f","findacpa","Dainbridge Taxation & Financial Planning Pty Ltd","Suite2, 118 Railway Ave, RINGWOOD EAST VIC 3135, AUS","dainbridgetaxation@outlook.com","+61398702599",,"-37.8115","145.25268"
"86221fb5-fac9-e911-810a-0050569a1c9a","findacpa","Heathmont Tax & Accounting Services","38 Canterbury Rd, HEATHMONT VIC 3135, AUS","tracey@skeltondavies.com.au","+61397292390",,"-37.8266","145.256"
"35eb0e2b-1388-e011-87e1-005056b30007","findacpa","The Field Group - Accounting","Se 10  1 East Ridge Dr, CHIRNSIDE PARK VIC 3116, AUS","info@fieldgroup.com.au","+61397276700","http://www.fieldgroup.com.au","-37.76348","145.30936"
"c33b015a-f3cd-e011-8bb9-005056b30007","findacpa","Astute Business Pty Ltd","Se 9  1 East Ridge Dr, CHIRNSIDE PARK VIC 3116, AUS","steven@astutebusiness.com.au","+61397274155","http://www.astutebusiness.com.au","-37.76354","145.31157"
"b1b226df-61f3-e811-8105-0050569a1c9a","findacpa","ADP Accounting","109 Bedford Rd, RINGWOOD EAST VIC 3135, AUS","info@adpaccounting.com.au","+61398708236","http://www.adpaccounting.com.au","-37.81924","145.24435"
"1eac3dd1-457f-ec11-812f-0050569a1c9a","findacpa","CLN Financial Services Pty Ltd","93A Canterbury Rd, KILSYTH VIC 3137, AUS","info@clnfinancial.com.au","+61413597407","http://www.clnfinancial.com.au","-37.81685","145.32065"