accountId,type,name,address,email,phone,website,lat,lng
"a03b7bcc-26cc-e411-a861-0050569a6f1c","findacpa","Live CFO","17 Blandford Ave, BRONTE NSW 2024, AUS","melanie@livecfo.com.au","+61400322820","http://www.livecfo.com.au","-33.89856","151.25973"
"539c93cc-8d71-e711-80ee-0050569a1c9a","findacpa","Tax Focus","PO Box 80, BONDI JUNCTION NSW 1355, AUS","marcel@taxfocus.com.au","+61294167600","https://taxfocus.com.au/","-33.89305","151.25077"
"ac3afb2d-1a88-e011-87e1-005056b30007","findacpa","Peter Sheldon","PO Box 1693, BONDI JUNCTION NSW 1355, AUS","peter@petersheldon.com.au","61293899555","http://","-33.89305","151.25077"
"0cb8ea72-1588-e011-87e1-005056b30007","findacpa","Varvaressos & Co","106 Bronte Rd, BONDI JUNCTION NSW 2022, AUS","harry@varvar.com.au","+61293880777","http://www.varvar.com.au/","-33.89527","151.25092"
"9e0910a2-19c0-e611-b0dd-0050569a097c","findacpa","Hot Toast","L 1  9-13 Bronte Rd, BONDI JUNCTION NSW 2022, AUS","sarah@hottoast.com.au","0426217167","http://hottoast.com.au/","-33.89301","151.24927"
"6b34a2dc-3188-e011-87e1-005056b30007","findacpa","JNO Accounting & Finance","PO Box 472, DOUBLE BAY NSW 1360, AUS","rita@jno.com.au","+61414494115","http://www.jno.com.au","-33.87779","151.24382"