accountId,type,name,address,email,phone,website,lat,lng
"30bbe75c-2488-e011-972f-005056b3003f","findacpa","Jack Emmanuel","U 6  4 Alan St, FAIRFIELD NSW 2165, AUS","jack@jackemmanuelco.com.au","+61297557007",,"-33.86953","150.95837"
"7dc81487-1588-e011-87e1-005056b30007","findacpa","Pomponio & Associates","Se 16  4 Station St, FAIRFIELD NSW 2165, AUS","pomponioandassoc@bigpond.com.au","+61297264499","http://","-33.86878","150.95376"
"1f45c8ec-1c88-e011-82c3-005056b3003f","findacpa","R Prasad & Co","172 The Horsley Dr, CARRAMAR NSW 2163, AUS","rampras9@bigpond.net.au","+61297256661",,"-33.8785","150.9657"
"ee530a82-1b88-e011-87e1-005056b30007","findacpa","Sunny Wong & Co","Shop 27  193 Railway Pde, CABRAMATTA NSW 2166, AUS","sunny@sunnywongaccountants.com.au","+61297260566",,"-33.89431","150.93816"
"d726475a-40bc-eb11-8127-0050569a1c9a","findacpa","Platinum Accountants & Advisors Pty Ltd","51 Ernest Ave, CHIPPING NORTON NSW 2170, AUS","enquiry@platinumaccountants.com.au","+61287172222","http://platinumaccountants.com.au","-33.913","150.96197"
"9c250c9a-40bc-eb11-8127-0050569a1c9a","findacpa","Choice Accountants & Advisors Pty Ltd","51 Ernest Ave, CHIPPING NORTON NSW 2170, AUS","rajprasad@platinumaccountants.com.au","+61287172222","http://www.choice.accountants","-33.913","150.96197"
"806a5346-1699-e811-8102-0050569a1c9a","findacpa","Financial Services NSW Pty Ltd","46 McCarthy St, FAIRFIELD WEST NSW 2165, AUS","george@fsnsw.com.au","0404229614","http://www.fsnsw.com.au","-33.86477","150.91673"
"1a455b56-1a88-e011-87e1-005056b30007","findacpa","Kim P Ong & Co","249 John St, CABRAMATTA WEST NSW 2166, AUS",,"+61297286552","http://","-33.89245","150.91905"
"7a24beaf-2d63-e511-bfd3-0050569a6f1c","findacpa","Zima Business & Taxation Consulting","PO Box 105, MERRYLANDS NSW 2160, AUS","mary.mattar@zimabtc.com.au","01414340292","http://www.zimabtc.com.au","-33.83602","150.98668"