accountId,type,name,address,email,phone,website,lat,lng
"9308b5b5-2f88-e011-87e1-005056b30007","findacpa","Lewis & Co.","PO Box 573, GLADESVILLE NSW 1675, AUS","andrew@lewfin.com.au","+61298172266",,"-33.82812","151.1272"
"21782e4f-c3d3-e611-80e8-0050569a458f","findacpa","Ben Collins Pty Ltd","18 Aston St, HUNTERS HILL NSW 2110, AUS","mail@bencollins.com.au","0426923669","https://www.bencollins.com.au/","-33.82723","151.1327"
"60da0622-3488-e011-87e1-005056b30007","findacpa","ABK Accounting & Business Solutions","U 32  86-88 Tennyson Rd, MORTLAKE NSW 2137, AUS","amanda@abkaccountants.com.au","0408409742","http://www.abkaccountants.com.au","-33.84102","151.10688"
"ccd2827d-1d88-e011-87e1-005056b30007","findacpa","Mario Nayna & Co","11 Payten St, PUTNEY NSW 2112, AUS",,,"http://","-33.82294","151.10542"
"0e5787ec-0081-ed11-a81c-002248941de6","findacpa","SETA ACCOUNTING","Coworking Hub, Top Ryde City, 109 Blaxland Rd, RYDE NSW 2112, AUS","admin@bataccountants.com.au","+61424231201","https://www.bataccountants.comau","-33.81321","151.10615"
"036f3e98-2c88-e011-972f-005056b3003f","findacpa","Hansam Consulting Services","40 Bruce St, RYDE NSW 2112, AUS","hannah@hansam.com.au","+61298983934",,"-33.80395","151.11477"
"c2a7959c-e5eb-e911-810b-0050569a1c9a","findacpa","H Accounting & Tax","U 7d  40 Cope St, LANE COVE NSW 2066, AUS","shuangyj@gmail.com","+61433432662",,"-33.81947","151.15265"
"66ad1182-acea-e211-be7a-0050569a6f1c","findacpa","Professional Insights Pty Ltd","PO Box 6027, NORTH RYDE NSW 2113, AUS","jackie@professionalinsights.com.au","+61298165443","http://www.professionalinsights.com.au","-33.79668","151.1295"
"459cfb01-8a16-ec11-811d-0050569a458f","findacpa","Nobilis NRI Taxation","299 Lyons Rd, RUSSELL LEA NSW 2046, AUS","sathyahegde@nritaxation.com.au","+61406799868","https://www.nritaxation.com.au/","-33.86052","151.14145"
"48a29085-dd44-e311-b7f3-0050569a6f1b","findacpa","James A.S Pollifrone","2 Nicholas Ave, CONCORD NSW 2137, AUS","jasp@jaspaccountants.com.au","+61410542046",,"-33.86065","151.10957"
"f4f5bea9-1988-e011-87e1-005056b30007","findacpa","Peppernell Consulting","Level 1, 185 Great North Rd, FIVE DOCK NSW 2046, AUS","neale@peppernellconsulting.com.au","+61297136910","http://www.peppernellconsulting.com.au/","-33.86659","151.1298"
"ab328a5b-aa3a-e311-bbb1-0050569a6ed2","findacpa","Elliott, Chee, Sun & Khoe Pty Ltd","PO Box 369, DRUMMOYNE NSW 1470, AUS","jacky@elliottchee.com","+61430552567","http://www.ecsk.com.au","-33.85255","151.15283"
"6d83fb0e-878b-e611-80e4-0050569a1c9a","findacpa","TINO CALTABIANO & CO","45 Clements St, RUSSELL LEA NSW 2046, AUS","tinocaltabianoco@outlook.com","+61417253601","http://www.tinocaltabiano.com","-33.86054","151.14621"
"8250d8e0-3288-e011-87e1-005056b30007","findacpa","CT Accountants Australia","208 Victoria Rd, DRUMMOYNE NSW 2047, AUS","ctolis@ctaccountants.com.au","+61290081391","http://www.ctaccountants.com.au","-33.85054","151.15448"
"279c67c0-676b-e311-8aaf-0050569a6ed2","findacpa","DC Accounting & Advisory","Suite 404, 49-51 Queens Rd, FIVE DOCK NSW 2046, AUS","info@dcas.com.au","+61421067727","http://www.dcas.com.au","-33.87006","151.12259"
"c2da9a01-2188-e011-82c3-005056b3003f","findacpa","MBM Accountants Pty Ltd","Level 4, Unit 418, 49-51 Queens Rd, FIVE DOCK NSW 2046, AUS","Info@mbm-accountants.com.au","+61295681533","http://www.mbm-accountants.com.au","-33.87006","151.12259"
"e653b10b-6375-eb11-8116-0050569a458f","findacpa","SKS Accounting & Audit Services Pty Ltd","10 Rickard St, DENISTONE EAST NSW 2112, AUS","kssrinath@yahoo.com","+61422647343",,"-33.80137","151.10153"
"616b188f-4104-ea11-8108-0050569a458f","findacpa","Great Solutions","13 Pine St, NORTH RYDE NSW 2113, AUS","sales@greatsolutions.com.au","+61298881399",,"-33.78967","151.12053"
"d8173818-2188-e011-87e1-005056b30007","findacpa","Gerard Michael Hughes","34 Ingham Ave, FIVE DOCK NSW 2046, AUS","gm.hughes@bigpond.com","+61297134404",,"-33.8704","151.13589"
"f83a831f-2059-eb11-811f-0050569a1c9a","findacpa","Tangelo Finance and Tax Accounting","33 Cavell Ave, RHODES NSW 2138, AUS","htang828@gmail.com","+61404921980",,"-33.8259","151.09013"
"af0759b0-ef6a-e411-8e79-0050569a6f1b","findacpa","Yonsei Accounting","PO Box 3430, RHODES 2138, AUS","yonsigroup@outlook.com","61297462484","http://www.yonseigroup.com.au","-33.82693","151.08957"
"a6d68ba8-04c4-ef11-b8e8-00224818704c","findacpa","Trevanta Pty Ltd","5 Byron St, CROYDON NSW 2132, AUS","info@trevanta.com.au","0291271394","https://www.trevanta.com.au","-33.87364","151.12164"
"9e1d5cab-ce87-ed11-a81c-002248990531","findacpa","Life Accounting Pty Ltd","7 Eden Park Dr, MACQUARIE PARK NSW 2113, AUS","life@lifeaccounting.com.au","1300 009 391","https://www.lifeaccounting.com.au","-33.78618","151.13135"
"3e4152c6-5f86-e911-8106-0050569a458f","findacpa","Capraro Consulting Pty Ltd","43 Cross St, CONCORD NSW 2137, AUS","carla@capraroconsulting.com.au","+61413073935","http://www.capraroconsulting.com.au","-33.85829","151.09546"
"aa7339bf-592b-e511-a483-0050569a6f1c","findacpa","GA Consulting Services","PO Box 4297, DENISTONE EAST NSW 2112, AUS","rosita.gaconsulting@gmail.com","+61292644438",,"-33.796","151.09741"
"147e0582-fe44-e311-b7f3-0050569a6f1b","findacpa","Lee Tax & Business Services","12 Edward St, CONCORD NSW 2137, AUS","llee@leetax.com.au","+61430002043","http://www.leetax.com.au","-33.86507","151.09625"
"f01a2e94-1988-e011-87e1-005056b30007","findacpa","Kapeleris & Co","Office 2, 70a Burwood Rd, BURWOOD NSW 2134, AUS","kapelerisco@bigpond.com","+61297441411",,"-33.87263","151.10491"
"fed7c2df-0e95-e311-aa19-0050569a6f1c","findacpa","JQZ Consulting","1 Wentworth Dr, LIBERTY GROVE NSW 2138, AUS","zswdps@gmail.com","+61297431870",,"-33.84129","151.08391"
,"financialplanners","Broderick Knowles","Lvl 2, 2 Banfield Rd, MACQUARIE PARK, NSW, 2113","bknowles@bfg.net.au","061-02-82860000","www.bfg.net.au","-33.77926","151.12395"