accountId,type,name,address,email,phone,website,lat,lng
"f321fbe5-ea23-e511-9057-0050569a6ed2","findacpa","Sandal Financial & Tax Advisors Pty Ltd","31 Madeline St, GLEN WAVERLEY VIC 3150, AUS","sandalmanagement@optusnet.com.au","+61388028818","http://www.sandaltax.com.au","-37.87133","145.16296"
"3f870686-e9a5-e511-9e62-0050569a097c","findacpa","Tingqing Jiang tr/a Hilda Jiang & Co.","PO Box 1169, GLEN WAVERLEY VIC 3150, AUS","hilda.jiang@hjaccounting.com.au","+61370026469",,"-37.8816","145.16818"
"6629d1c4-a69f-e511-94a5-0050569a41db","findacpa","Ausun Accountants","U 3  710 High Street Rd, GLEN WAVERLEY VIC 3150, AUS","jason@ausunaccountants.com","+61430081998","http://www.ausunaccountants.com","-37.87382","145.1597"
"d85719a2-80e3-eb11-8128-0050569a1c9a","findacpa","EH Accountants & Advisors Pty Ltd","U 6  40-42 Montclair Ave, GLEN WAVERLEY VIC 3150, AUS","stevenj@ehaa.com.au","+61421069228","https://www.ehaa.com.au","-37.88098","145.16132"
"b4fb4dca-3688-e011-87e1-005056b30007","findacpa","Neofitou Partners","38 Willow Ave, GLEN WAVERLEY VIC 3150, AUS","peterneo@bigpond.com","+61398868644",,"-37.86563","145.15741"
"cdb6f167-41d1-ea11-8117-0050569a1c9a","findacpa","ECW ACCOUNTING SERVICES","29 Brynor Cres, GLEN WAVERLEY VIC 3150, AUS","emma@ecwaccountants.com.au","+61433302990",,"-37.87848","145.18207"
"7c1294a4-066b-e311-8aaf-0050569a6ed2","findacpa","SHIRLEY XIAN t/a MSH Accounting Services","128 King Arthur Dr, GLEN WAVERLEY VIC 3150, AUS","shirleyhan8@bigpond.com","98029866",,"-37.87241","145.18301"
"4c4137c7-2e88-e011-87e1-005056b30007","findacpa","James Zhuang & Associates Pty Ltd","Se 203  203-205 Blackburn Rd, MOUNT WAVERLEY VIC 3149, AUS","james@jameszhuang.com.au","+61398025515","http://www.cabotsquare.com.au","-37.87325","145.14798"
"4d45df86-00f7-e611-960e-0050569a097c","findacpa","Axiom Business Consulting Pty Ltd","Suite 5.01, 203-205 Blackburn Rd, MOUNT WAVERLEY VIC 3149, AUS","richard@axiomconsulting.com.au","+61383737544","http://www.axiomconsulting.com.au","-37.87325","145.14784"
"c25bfe27-55e5-e311-836f-0050569a6f1b","findacpa","SJ Accounting Services","273 Blackburn Rd, MOUNT WAVERLEY VIC 3149, AUS","susan_sha78@yahoo.com","+61402848835",,"-37.87782","145.14714"
"55b80c25-c8c5-e611-b0dd-0050569a097c","findacpa","MC Top Accountants & Co","U 7  251 Blackburn Rd, MOUNT WAVERLEY VIC 3149, AUS","info@mctop.com.au","+61388394456",,"-37.87674","145.14685"
"d0b6b035-a792-ec11-8123-0050569a458f","findacpa","Anish Ahuja Accountants","41 Diosma Dr, GLEN WAVERLEY VIC 3150, AUS","anishahuja@yahoo.com","+61404698964",,"-37.89872","145.1653"
"26a3d69b-9274-e111-a0c0-005056b3003f","findacpa","Chris Mejean & Associates","76 Shepherd Rd, GLEN WAVERLEY VIC 3150, AUS","chris@mejean.com.au","+61418538496","http://www.mejean.com.au","-37.88453","145.18674"
"a7bc97a9-62a0-ed11-813d-0050569a1c9a","findacpa","Oztaj Advisory Pty Ltd & Jim's Tax (Doncaster)","32b Cambridge Dr, GLEN WAVERLEY VIC 3150, AUS","mandeep@oztaj.com.au","+61415463409",,"-37.89169","145.14901"
"7767b347-5304-eb11-8119-0050569a1c9a","findacpa","Chatham House Accounting Pty Ltd","PO Box 4201, BURWOOD EAST VIC 3151, AUS","gregk@chathamhouseaccounting.com.au","+61423599004",,"-37.85359","145.15042"
,"financialplanners","Arthur Kyriacou","PO Box 4352, BURWOOD EAST, VIC, 3151","arthur@kyriacou.com.au","061-03-98087377","www.kyriacou.com.au","-37.85359","145.15042"
"0c52f2df-3050-e411-867a-0050569a6f1c","findacpa","Esther Xu Accounting Services","13 Darnley Gr, WHEELERS HILL VIC 3150, AUS","estherxu09@gmail.com","+61425728456",,"-37.90552","145.17274"
"fd6632bd-65fe-ec11-8127-0050569a458f","findacpa","Myadvisors","418 Springvale Rd, FOREST HILL VIC 3131, AUS","sesh@my-advisors.com.au","+61421942992",,"-37.84253","145.17082"
"262faef2-68cb-e411-a861-0050569a6f1c","findacpa","KWG Tax & Accounting Pty Ltd","PO Box 6134, VERMONT SOUTH VIC 3133, AUS","kwfortuneaccouting@hotmail.com","03 88391563 0424644999","http://www.fortuneaccounting.com.au","-37.85438","145.18782"
"f58b7c9c-1788-e011-87e1-005056b30007","findacpa","Hughans Pty Ltd","43-45 Benwerrin Dr, BURWOOD EAST VIC 3151, AUS","profit@hughans.com","+61398037655",,"-37.8554","145.14333"
"720c1a7e-b8a2-e011-8bb9-005056b30007","findacpa","ACL Accounting","12 Heysham Dr, WHEELERS HILL VIC 3150, AUS","contact@aclaccounting.com.au","+61385020501","http://www.aclaccounting.com.au","-37.89599","145.189"
"732e2e7f-f5dc-e811-8102-0050569a458f","findacpa","East & West Accounting and Business Consulting","23 Aldrin Dr, MOUNT WAVERLEY VIC 3149, AUS","admin@eastwestaccountant.com","+61434900628","http://www.imlink.com.au","-37.85977","145.14093"
"f3f5f6de-22c7-e611-b0dd-0050569a097c","findacpa","JDZ Solutions","52 Raleigh St, FOREST HILL VIC 3131, AUS","julie@jdzsolutions.com.au","+61398934363",,"-37.8399","145.16132"
"7d35feda-3620-e911-8104-0050569a458f","findacpa","Ardent Accountants & Advisers","48 Strada Cres, WHEELERS HILL VIC 3150, AUS","info@ardentaa.com.au","+61403243907","http://www.ardentaa.com.au","-37.9094","145.1676"
"c2c0dddd-d719-ed11-8135-0050569a1c9a","findacpa","Garbellini & Li","U 6a  475 Blackburn Rd, MOUNT WAVERLEY VIC 3149, AUS","nancy@agarbcpa.com.au","+61395620178",,"-37.89533","145.14311"
"6eec9d0d-d8ee-ed11-8133-0050569a458f","findacpa","Aus Sum Accounting","18 Grange Rd, BLACKBURN SOUTH VIC 3130, AUS","zhu_zhuweifeng@hotmail.com","61433183228",,"-37.84664","145.14777"
"0db8ea72-1588-e011-87e1-005056b30007","findacpa","NKK ACCOUNTING AND TAXATION PTY LTD","U 2  19b Hampshire Rd, GLEN WAVERLEY VIC 3150, AUS","enquiry@nkkaccounting.com.au","+61395617500","http://www.nkkaccounting.com.au","-37.90055","145.14412"
"369e46fd-1940-eb11-8fed-0003ff6f31a2","findacpa","SY TAXATION PTY LTD","23 Mudgee St, BURWOOD EAST VIC 3151, AUS","shuangyucpa@gmail.com","+61431448763",,"-37.85536","145.13921"
"50ab1fdf-034f-e611-9bff-0050569a4df0","findacpa","Taxnet Business Consultants","53 Marianne Way, MOUNT WAVERLEY VIC 3149, AUS","Philip@taxnet.com.au","+61398025800","http://www.taxnet.com.au/","-37.86431","145.1351"
"e7b3a1c4-1788-e011-87e1-005056b30007","findacpa","A J Blake & Co","59 Marianne Way, MOUNT WAVERLEY VIC 3149, AUS","alistair@ajblake.com.au","+61398865488",,"-37.86412","145.13496"
"0ab7a799-3288-e011-87e1-005056b30007","findacpa","Nieu Business Solutions Pty Ltd","5 Drummond St, BLACKBURN SOUTH VIC 3130, AUS","allanah@nieu.com.au","61425811118","http://www.nieu.com.au/","-37.83413","145.15969"
"286cc1c2-24b9-e711-80f2-0050569a1c9a","findacpa","GUNAWARDENA, ARJUNA LALITH  t/a Aplus Accounting Solutions","19 Rhonda St, MOUNT WAVERLEY VIC 3149, AUS","aplus_ms@bigpond.net.au","+61398023322",,"-37.88786","145.13436"
"5269eb74-8fc8-e911-810a-0050569a1c9a","findacpa","Xera Accountants","U 2  25 Rochdale Dr, BURWOOD EAST VIC 3151, AUS","xera.acc@gmail.com","+61413096329",,"-37.84754","145.1405"
"5d9441da-3388-e011-87e1-005056b30007","findacpa","ALG & CO Pty Ltd","19 Rhonda St, MOUNT WAVERLEY VIC 3149, AUS","aplus_ms@bigpond.net.au","+61398023322",,"-37.88786","145.13436"
"2f4ebb9a-ae1d-e811-80fa-0050569a458f","findacpa","Lexacc Consulting Pty Ltd","12 Constance St, BLACKBURN SOUTH VIC 3130, AUS","lexacctax@gmail.com","0430511119",,"-37.83584","145.15329"
"085cba1a-538c-eb11-8122-0050569a1c9a","findacpa","Garnet Accounting & Taxation Solutions","6 Andelana Ave, WHEELERS HILL VIC 3150, AUS","larry@garnetsolutions.com.au","+61421650243",,"-37.91512","145.17521"
"b5c4fd67-3250-e311-a4a9-0050569a6ed1","findacpa","Spiegel & Spiegel Pty Ltd","41 Clunies Ross Cres, MULGRAVE VIC 3170, AUS","info@spiegels.com.au","+61395607510",,"-37.91703","145.16324"
"84e3381c-4ed9-eb11-811b-0050569a458f","findacpa","MEX Accounting","U 1  5-7 Compark Cct, MULGRAVE VIC 3170, AUS","veronica.wang@mexgroup.com.au","+61425551009",,"-37.91663","145.15407"
"c51eb28e-ba2f-e311-8bb7-0050569a6f1c","findacpa","Masscorp Accountants and Business Advisers","Wheelers Hill Business Park, U 9  202 Jells Rd, WHEELERS HILL VIC 3150, AUS","amir@masscorptax.com","+61395608775","http://www.masscorptax.com","-37.91131","145.18952"
"65c55280-3288-e011-87e1-005056b30007","findacpa","Pivot Accounting Services","U 23  202 Jells Rd, WHEELERS HILL VIC 3150, AUS","info@pivotaccounting.com.au","+61398989590","http://www.pivotaccounting.com.au","-37.91131","145.18952"
"d713c8cf-3788-e011-87e1-005056b30007","findacpa","Young and Grant Accountants","U 19  202 Jells Rd, WHEELERS HILL VIC 3150, AUS","admin@youngandgrant.com.au","+61395610945","http://www.youngandgrant.com.au","-37.91131","145.18952"
"6f10806c-1488-e011-87e1-005056b30007","findacpa","Inwealth Group Pty Ltd","U 17  202 Jells Rd, WHEELERS HILL VIC 3150, AUS","nimal@nimal.com.au","+61395615722",,"-37.9115","145.18956"
"2ae8a5b3-1c88-e011-87e1-005056b30007","findacpa","RKS Nominees Pty Ltd Tas Rogerson Kenny","PO Box 323, MOUNT WAVERLEY VIC 3149, AUS","mail@rogersonkenny.com.au","0398022533","http://www.rogersonkenny.com.au","-37.87838","145.1285"
"817fac72-2e8f-ee11-be36-000d3ae17c3e","findacpa","Afford Books Tax Pty Ltd","Unit 133, 203 Rooks Rd, VERMONT VIC 3133, AUS","maru@affordbookstax.com.au","03 07 11180","https://affordbookstax.com.au/","-37.83568","145.18897"
"2e54d728-ad28-e711-80e9-0050569a1c9a","findacpa","PremierOne Tax & Accounting Pty Ltd","Unit 133, 203 Rooks Rd, VERMONT VIC 3133, AUS","maru@premierone.net.au","+61370711180","http://www.premierone.net.au","-37.83568","145.18897"
"808f6fa1-bf88-e511-a79a-0050569a41db","findacpa","Future Business Group Pty Ltd  t/as Factor1","U 46  1 Ricketts Rd, MOUNT WAVERLEY VIC 3149, AUS","admin@factor1.com.au","+611300886309","http://www.factor1.com.au","-37.89449","145.13089"
"146bd9b5-9727-e111-a0c0-005056b3003f","findacpa","Origin Tax & Accounting","U 24  1 Ricketts Rd, MOUNT WAVERLEY VIC 3149, AUS","tony.h@origintax.com.au","+61398902857","http://www.origintax.com.au","-37.89447","145.13089"
"08e3eb3d-2888-e011-972f-005056b3003f","findacpa","JTU Accounting Group","4 Shields Ct, BLACKBURN SOUTH VIC 3130, AUS","admin@jtu.com.au","+61398785444",,"-37.83426","145.14421"
"6a3fc201-ce05-ea11-810c-0050569a1c9a","findacpa","VM BUSINESS CONSULTANTS","PO Box 2130, MOUNT WAVERLEY VIC 3149, AUS","vmavani@vmbc.com.au","+61472640322","http://www.vmbc.com.au/","-37.88397","145.1275"
"2044f731-2588-e011-972f-005056b3003f","findacpa","Paolucci & Co","1st Floor, 106 Middleborough Rd, BLACKBURN SOUTH VIC 3130, AUS","charlie@paolucci.com.au","+61398088284",,"-37.84574","145.13413"
"90795667-d7e3-e411-8d15-0050569a6f1c","findacpa","VTAX Accounting","17 Avondale Gr, MOUNT WAVERLEY VIC 3149, AUS","claudiaz@vtaxaccount.com","+61403566074",,"-37.87373","145.12519"
"ec0f6987-c48a-e611-80e4-0050569a1c9a","findacpa","Acumen Accountants and Advisors Pty Ltd","2 Eden Ave, BOX HILL SOUTH VIC 3128, AUS","enquiries@acumenaccountants.com.au","+61421486834","http://www.acumenaccountants.com.au","-37.84192","145.13401"
"b010edb2-f24b-e311-b880-0050569a6f1b","findacpa","BNR Partners","PO Box 1337, WAVERLEY GARDENS VIC 3170, AUS","info@bnrpartners.com.au","+61397816800","http://www.bnrpartners.com.au","-37.92569","145.17597"
"a463685e-3e59-eb11-811f-0050569a1c9a","findacpa","Addism Business Services","PO Box 246, VERMONT VIC 3133, AUS","jbala986@gmail.com","+61433596840",,"-37.83846","145.19918"
"338e34ee-1488-e011-87e1-005056b30007","findacpa","Albert Biviano & Co","PO Box 5056, CLAYTON VIC 3168, AUS","albert@abiviano.com","+61395448255",,"-37.90745","145.13198"
"445b98b8-808f-e311-ba6d-0050569a6f1b","findacpa","J C Skinner & Co Pty Ltd","8 St Johns Wood Rd, MOUNT WAVERLEY VIC 3149, AUS","jcskinner99@gmail.com","+61414777470",,"-37.86654","145.12285"
"890dddfd-c524-e711-80e9-0050569a1c9a","findacpa","Uplift Accounting","5a Hartnett Cl, MULGRAVE VIC 3170, AUS","hello@upliftaccounting.com.au","0385107527","http://www.uplifthq.com.au/","-37.92424","145.14889"