accountId,type,name,address,email,phone,website,lat,lng
"07f4502a-735f-e711-80ed-0050569a1c9a","findacpa","Synergistic Business Partners","PO Box 338, ST LEONARDS NSW 1590, AUS","toby@sybp.com.au","280041959","http://www.sybp.com.au","-33.82282","151.19282"
"72c3b51d-64db-ea11-8117-0050569a1c9a","findacpa","Auston Taxation Pty Ltd","U 412  480 Pacific Hwy, ST LEONARDS NSW 2065, AUS","info@austonpartners.com.au","+61434999373","http://www.austonpartners.com.au","-33.82423","151.19733"
"9ff31578-b967-e311-8f21-0050569a6ed1","findacpa","ALEXANDER BRUCE WHITEHEAD","L 1  310 Pacific Hwy, CROWS NEST NSW 2065, AUS","alex@alexwhitehead.com.au","+61299664499",,"-33.82755","151.20017"
"31d96739-1788-e011-87e1-005056b30007","findacpa","Archangel (WM) Pty Ltd","U 6  345 Pacific Hwy, NORTH SYDNEY NSW 2060, AUS","theo@archwealth.com.au","+61299290822","http://www.archwealth.com.au","-33.83123","151.20383"
"87832493-c9e5-e711-bd60-0003ff679532","findacpa","nChant kOunting","U 48  237 Miller St, NORTH SYDNEY NSW 2060, AUS","nchantkounting@accsource.com.au","+61406727061","https://www.accsource.com.au/","-33.83518","151.20811"
"0de8b9a4-da98-eb11-89ee-0003ff6f4966","findacpa","Growth Prof","G04, 229 Miller St, NORTH SYDNEY NSW 2060, AUS","charitha@growth-prof.com.au","+61411794879","https://growthprof.com.au/","-33.83554","151.20823"
"e703af5a-1e88-e011-87e1-005056b30007","findacpa","I K O'Brien & Co","SUITE 1004, L 10  83 Mount St, NORTH SYDNEY NSW 2060, AUS","awhite@ikobrien.com.au","+61295501866","http://www.ikobrien.com.au","-33.83919","151.20806"
"f3edcf81-3788-e011-87e1-005056b30007","findacpa","Enabling Accountants","PO Box 6299, NORTH SYDNEY NSW 2059, AUS","yangcaddy@gmail.com",,"http://www.enablingaccountants.com.au","-33.83659","151.20871"
"39b146a6-fdee-e511-80fa-0050569a4df0","findacpa","Hongbin Yang tr/as Lueric Accountancy & Taxation","U 16  152-156 Hampden Rd, ARTARMON NSW 2064, AUS","hyang799@yahoo.com.au","+61406399568",,"-33.8075","151.18228"
"16f37c46-93f7-e411-bc52-0050569a6f1b","findacpa","Count Out Loud Pty Ltd","1 Bridgeview Ave, CAMMERAY NSW 2062, AUS","carmel@countoutloud.com.au","+61402113255","http://www.countoutloud.com.au","-33.8201","151.20772"
"a75e6ad6-e8d8-e411-8909-0050569a6ed0","findacpa","Elevation Accounting and Advisory Pty Ltd","PO Box 744, MILSONS POINT NSW 1565, AUS","david@elevationadvisory.com.au","+61294098000","http://www.elevationadvisory.com.au","-33.8471","151.21134"
"16352227-1f88-e011-82c3-005056b3003f","findacpa","FMA Wealth Management","PO Box 426, MILSONS POINT NSW 1565, AUS","frank@fmawealth.com.au","+61290557970","http://www.fmawealth.com.au","-33.8471","151.21134"
"36559d62-8a25-e711-80e9-0050569a1c9a","findacpa","Olivetree Consultants Pty Ltd","B101, 24 Point St, PYRMONT NSW 2009, AUS","sathyahegde@olivetreeconsultants.com.au","+61406799868","http://www.olivetreebusinessadvisory.com.au/","-33.86642","151.19415"
"55e8065e-05db-e711-80f5-0050569a1c9a","findacpa","PM Prime Accounting","Tower 3, Three International Towers, Level 24, 300 Barangaroo Ave, BARANGAROO NSW 2000, AUS","Peter@pmpaccounting.com.au","+61280678643","http://www.pmpaccounting.com.au/","-33.86513","151.2022"
"6fc1238c-49ed-eb11-ba5e-0003ff6f6520","findacpa","Linkins Pty Ltd","1 Sussex St, BARANGAROO NSW 2000, AUS","hello@linkins.com.au","+61432096415","http://www.linkins.com.au","-33.86477","151.20314"
"53237d87-1988-e011-87e1-005056b30007","findacpa","Magoulias & Associates","LEVEL 2, 91 George St, THE ROCKS NSW 2000, AUS","accountant@magoulias.com.au","+61292525518",,"-33.85941","151.20855"
"0cb519fa-07e8-e811-a140-0003ff49cc75","findacpa","Leading Tax","Se 201  24 Thomas St, CHATSWOOD NSW 2067, AUS","kenny@theleadingtax.com.au","+61433100799","http://www.theleadingtax.com.au/","-33.79854","151.17932"
"6f0f6e47-1db4-e011-8bb9-005056b30007","findacpa","Northern Suburbs Taxation","SUITE 106, L 1  781 Pacific Hwy, CHATSWOOD NSW 2067, AUS","kenl@nstaxation.com.au","+61430162699","http://www.nstaxation.com.au","-33.79862","151.17901"
"3234c560-36f9-e411-86b0-0050569a6ed1","findacpa","Financial Decisions Tax & Accounting Pty Ltd","L 10  28 Margaret St, SYDNEY NSW 2000, AUS","Chetan@provenancepartners.com.au","0435600630",,"-33.86486","151.20504"
"46319ec6-491f-eb11-811b-0050569a1c9a","findacpa","BDO Services Pty Ltd t/a BDO","L 11  1 Margaret St, SYDNEY NSW 2000, AUS","Elina.McKerrell@bdo.com.au","+61292409989","https://www.bdo.com.au/en-au/home","-33.8653","151.20471"
"caa8c837-2988-e011-972f-005056b3003f","findacpa","Crouch Amirbeaggi","Se 403  55 Lime St, SYDNEY NSW 2000, AUS","admin@crouchamirbeaggi.com.au","+61282629333","http://www.crouchamirbeaggi.com","-33.86765","151.20155"
"975166a4-2c73-e711-80ef-0050569a458f","findacpa","HH Partners Pty Ltd","L 10  83 Clarence St, SYDNEY NSW 2000, AUS","carol.luu08@gmail.com","0424259820","http://www.hhpartnerscpa.com","-33.86604","151.20463"
"8250d8e0-3288-e011-87e1-005056b30007","findacpa","CT Accountants Australia","208 Victoria Rd, DRUMMOYNE NSW 2047, AUS","ctolis@ctaccountants.com.au","+61290081391","http://www.ctaccountants.com.au","-33.85054","151.15448"
"2224bfb0-7983-e111-a0c0-005056b3003f","findacpa","Central Advisory Group","Suite 105, L 1  50 Clarence St, SYDNEY NSW 2000, AUS","services@centralaccounting.com.au","+61297915897","http://www.centralaccounting.com.au","-33.8659","151.20516"
"84e10e74-efb7-e511-9a1f-0050569a4df0","findacpa","Itax Group Pty Ltd","Se 2A  376 Victoria Ave, CHATSWOOD NSW 2067, AUS","info@itaxgroup.com.au","+61285406020","http://www.itaxgroup.com.au","-33.79646","151.18322"
"78b97f24-e99c-e311-aa19-0050569a6f1c","findacpa","Bentleys","L 14  60 Margaret St, SYDNEY NSW 2000, AUS","Jannie.vanDeventer@BentleysNSW.com.au","+61292200700","http://www.bentleys.com.au/Bentleys-New-South-Wales","-33.86476","151.20678"
"275ab578-1688-e011-87e1-005056b30007","findacpa","AD Danieli Pty Ltd","L 1  261 George St, SYDNEY NSW 2000, AUS","sam@addca.com.au","+61292903099","http://addca.com.au/","-33.86447","151.20715"
"06d233b3-2488-e011-87e1-005056b30007","findacpa","TaxHelper","L 13  465 Victoria Ave, CHATSWOOD NSW 2067, AUS","chatswood@taxhelper.co","0406978394","http://www.taxhelper.co","-33.79681","151.17992"
"059efd70-1888-e011-87e1-005056b30007","findacpa","Joe Dayton & Co","U 7  47 Neridah St, CHATSWOOD NSW 2067, AUS","joedayton@outlook.com","+61294154744",,"-33.79632","151.18774"
"c1a6f356-00e6-e811-8104-d2c538d7c1ed","findacpa","Portman Newton","L 14  309 Kent St, SYDNEY NSW 2000, AUS","portman@portmannewton.com","+61290904772","http://www.portmannewton.com","-33.86754","151.20397"
"c8eac3b1-86ae-e911-8109-0050569a1c9a","findacpa","JD Advisory Group Pty Ltd","PO Box 660, CHATSWOOD NSW 2057, AUS","kw@jdadvisory.com.au","0430936663","https://jdadvisory.com.au/","-33.79626","151.18112"
"988e8547-cdc0-e611-80e8-0050569a458f","findacpa","Yang ke t/a YK tax & Accounting","PO Box 566, CHATSWOOD NSW 2057, AUS","yang.ke@ykaccounting.com.au","+61294123906","http://www.ykaccounting.com.au","-33.79626","151.18112"
"69db65f1-c272-e511-bfd3-0050569a6f1c","findacpa","DPM Sydney Pty Ltd","PO Box 1418, CHATSWOOD NSW 2057, AUS",,"+61294112344",,"-33.79626","151.18112"
"2e5d7b4e-1288-e011-87e1-005056b30007","findacpa","Steel Jagger & Associates","PO Box 1266, CHATSWOOD NSW 2057, AUS","ianj@steeljagger.com.au","61421201306","http://","-33.79626","151.18112"
"381a9e08-1888-e011-87e1-005056b30007","findacpa","A A Tateossian & Co","Se 505  71-73 Archer St, CHATSWOOD NSW 2067, AUS","arthur@mycpa.com.au","+61294132522",,"-33.79604","151.18604"
"9ac59425-1c88-e011-87e1-005056b30007","findacpa","R Chater & Co","PO Box 1443, CHATSWOOD NSW 2057, AUS","razmik@chater.com.au","+61294174255","http://www.chater.com.au/","-33.79626","151.18112"
"1ed1b405-7fc2-e611-8e31-0050569a25f2","findacpa","Shane David Accounting & Taxation Services","Se 7, G  123 Clarence St, SYDNEY NSW 2000, AUS","info@shanedavid.com.au","+61285999985","http://www.shanedavid.com.au","-33.86726","151.20475"
"0b02152c-1f88-e011-87e1-005056b30007","findacpa","A-Plus Accountant and Business Consultant Pty Ltd","Suite 604 (Level 6), South Tower 1-5 Railway Street, CHATSWOOD NSW 2067, AUS","aplusabcptyltd@gmail.com","+61294103611","https://www.aplusaccountant.com","-33.79627","151.18062"
"aa62dd15-3488-e011-87e1-005056b30007","findacpa","Excellent Accounting Services","U 14  14 Brown St, CHATSWOOD NSW 2067, AUS","tszwai_ng@hotmail.com","+61410698928",,"-33.79655","151.17843"
"33540fdd-9ce9-e011-9922-005056b30007","findacpa","White McIntyre & Co","U 13  56 Neridah St, CHATSWOOD NSW 2067, AUS","sidney@whitemcintyre.com.au","+61294134225",,"-33.79591","151.18693"
"95929a1d-7ef0-e811-a140-0003ff49cc75","findacpa","Platinum Cloud Consulting Pty Ltd","Suite 803 10 Help St, CHATSWOOD NSW 2067, AUS","songbai@cloudaccountant.net.au","+0433875868","http://www.cloudaccountant.net.au","-33.79627","151.17936"
"7d7f0b37-7770-e411-bb53-0050569a6ed1","findacpa","Trinity Consulting Group Pty Ltd","Se 704  10 Help St, CHATSWOOD NSW 2067, AUS","dorothy.liu@trinitycg.com.au","+61430292152","http://www.trinitycg.com.au/","-33.79627","151.17936"
"29d2edc0-3888-e011-972f-005056b3003f","findacpa","Smartax & Accounting","Se 901  10 Help St, CHATSWOOD NSW 2067, AUS","info@smart-tax.com.au","+61294151279","http://www.smart-tax.com.au/index.php","-33.79626","151.17937"
,"financialplanners","Kam Yuen","Se 408  10 Help St, CHATSWOOD, NSW, 2067","kam.yuen@cowealth.com.au","+61280214889","www.cowealth.com.au","-33.79626","151.17937"
"5d1fa0e8-b166-ec11-b820-0003ff6ff88a","findacpa","SMR Accounting & Tax Services Pty Ltd","U 8  17 Waruda St, KIRRIBILLI NSW 2061, AUS","sally.shi@smrtax.com.au","+61403859118",,"-33.85136","151.21659"
"de1762a8-704f-e911-8106-0050569a1c9a","findacpa","PGL Accounting","Se 602  8 Help St, CHATSWOOD NSW 2067, AUS","pg10@pgltax.com.au","+61425350428",,"-33.79604","151.17964"
"a02d9c8f-7391-e911-8107-0050569a1c9a","findacpa","Lincoln Partners","L 1  120 Sussex St, SYDNEY NSW 2000, AUS","matthew.duhigg@lincolnpartners.com.au","+61411529869","http://www.lincolnpartners.com.au","-33.8683","151.20381"
"b04a712a-500c-e211-ba47-005056b3003f","findacpa","Miramar Accountants & Advisers","Suite 702, L 7  8 Help St, CHATSWOOD NSW 2067, AUS","sokamkwan1@hotmail.com","+61298847233",,"-33.79604","151.17964"
"c3d69125-f379-ef11-ac20-002248145294","findacpa","GZ Business Solutions Pty Ltd","Se 601  2 Help St, CHATSWOOD NSW 2067, AUS","jzhou@auao.com.au","+61433388655",,"-33.79591","151.18002"
"248dafcf-bcb4-e911-8106-0050569a458f","findacpa","Jinlin Zhou","Se 601  2 Help St, CHATSWOOD NSW 2067, AUS","jzhou@auao.com.au","+61433388655",,"-33.79591","151.18002"
"f8999296-bdb4-e911-8106-0050569a458f","findacpa","AU Accounting Office","Se 601  2 Help St, CHATSWOOD NSW 2067, AUS","jzhou@auao.com.au","+61433388655","https://www.auao.com.au","-33.79591","151.18002"
"aa4e3928-57b4-ea11-810b-0050569a458f","findacpa","JD Accountant","Se 204  284 Victoria Ave, CHATSWOOD NSW 2067, AUS","jd@accts.com.au","+61433115501",,"-33.79555","151.18659"
"d83cd235-9aed-ea11-8118-0050569a1c9a","findacpa","CMP Acumen Pty Ltd","L 2  309-315 George St, SYDNEY NSW 2000, AUS","cmpacumen@gmail.com","+61432639623",,"-33.86614","151.20697"
"4eb00e70-d35b-ec11-812d-0050569a1c9a","findacpa","Lin Accounting Services","U 1701  2a Help St, CHATSWOOD NSW 2067, AUS","linaccountingservices@yahoo.com.au",,,"-33.7953","151.18189"
"d5c6a2eb-36d9-e611-80e8-0050569a458f","findacpa","AP Accountancy","Suite 505, L 5  815 Pacific Hwy, CHATSWOOD NSW 2067, AUS","ben.au@apfamily.com","0280663366","http://www.aplimited.com.au","-33.79583","151.17847"
"8b783f18-5499-e911-8106-0050569a458f","findacpa","Airtyre Pty Ltd","L 1  58 Pitt St, SYDNEY NSW 2000, AUS","secretary-ps@itpsydney.com","+61292412340","http://www.itp.com.au","-33.86424","151.20906"
"c2a7959c-e5eb-e911-810b-0050569a1c9a","findacpa","H Accounting & Tax","U 7d  40 Cope St, LANE COVE NSW 2066, AUS","shuangyj@gmail.com","+61433432662",,"-33.81947","151.15265"
"beae8d57-ba80-e411-b680-0050569a6ed0","findacpa","CO Partners Accountants & Advisors","Se 202  7 Railway St, CHATSWOOD NSW 2067, AUS","info@copaa.com.au","+61433733704","http://www.copaa.com.au","-33.79531","151.18052"
"efc32252-be73-ec11-b820-0003ff6fe48e","findacpa","Cathro & Partners Pty Ltd","L 13  333-339 George St, SYDNEY NSW 2000, AUS","admin@cathropartners.com.au","+61291891700","http://www.cathropartners.com.au","-33.86682","151.20689"
"f057cac3-2388-e011-972f-005056b3003f","findacpa","Austax Accounting Services Pty Ltd","L 2  333-339 George St, SYDNEY NSW 2000, AUS","susanna@aussfintax.com.au","0402948360",,"-33.86682","151.20689"
"ab328a5b-aa3a-e311-bbb1-0050569a6ed2","findacpa","Elliott, Chee, Sun & Khoe Pty Ltd","PO Box 369, DRUMMOYNE NSW 1470, AUS","jacky@elliottchee.com","+61430552567","http://www.ecsk.com.au","-33.85255","151.15283"
"e82aaa15-3588-e011-87e1-005056b30007","findacpa","Star & Associates","L 7  16-18 O'Connell St, SYDNEY NSW 2000, AUS","luke@starassociates.com.au","+611300308460","http://www.starassociates.com.au/","-33.86533","151.20972"
"26c39541-703f-eb11-8fed-0003ffc300ed","findacpa","VH Accounting & Taxation","4 Young St, NEUTRAL BAY NSW 2089, AUS","info@vhtax.com.au","+61272292253","https://vhtax.com.au/","-33.83078","151.22119"
"ef17a208-1a88-e011-87e1-005056b30007","findacpa","ZM Partners","L 5  350 Kent St, SYDNEY NSW 2000, AUS","maurizio@zmp.com.au","+61292622266","http://www.zmp.com.au/","-33.86999","151.20508"
"638992c3-1b1e-ef11-840a-000d3ae11a71","findacpa","CODI Accounting & Finance","Se 51, L 10  88 Pitt St, SYDNEY NSW 2000, AUS","admin@codi-finance.com","+61416870766","https://www.codi-finance.com","-33.867","151.20884"
"87c1a36d-1988-e011-87e1-005056b30007","findacpa","Partell & Associates Pty Ltd","Se 3  181 High St, NORTH WILLOUGHBY NSW 2068, AUS","eric@partell.com","+61299587444","http://www.partell.com","-33.79663","151.20121"
"8c781ac9-bc16-ec11-b76a-0003ff6f4f44","findacpa","Allworths Assurance & Advisory Pty Ltd","St Martins Tower, L 18  31 Market St, SYDNEY NSW 2000, AUS","gshen@allworths.com.au","+61433677988","http://www.allworhts.com.au","-33.87131","151.20579"
"03db0e5f-462a-eb11-8441-0003ff6fd1d9","findacpa","LCL Accounting Pty Ltd","U 1  12 Harrison St, CREMORNE NSW 2090, AUS","liang@lclaccounting.com.au","+61433201650","http://www.lclaccounting.com.au","-33.83307","151.2235"
"ae42ca7a-2488-e011-972f-005056b3003f","findacpa","SCS Global Consulting Australia Pty Ltd","5 Edna St, WILLOUGHBY EAST NSW 2068, AUS","masaya@scsglobal.com.au","99549200",,"-33.79773","151.20527"
"57d6d66b-1688-e011-87e1-005056b30007","findacpa","Hunt & Company","Se 1, L 10  74 Castlereagh St, SYDNEY NSW 2000, AUS","info@huntandcompany.com.au","+61292313150","http://www.huntandcompany.com.au","-33.86929","151.20995"
"05ed62d3-f955-eb11-811f-0050569a1c9a","findacpa","Hoi's & Co Pty Ltd","Suite 103, 507 Kent St, SYDNEY NSW 2000, AUS","laihoipang@gmail.com","+61449678250",,"-33.874","151.20499"
"e2eff13c-69fc-ea11-8119-0050569a1c9a","findacpa","Jing Zhang t/a Snap Accounts Pty Ltd","U 164  310 Wattle St, ULTIMO NSW 2007, AUS","alexandrazz2607@gmail.com","+61499989517",,"-33.87867","151.19576"
"6279b636-a919-eb11-8110-0050569a458f","findacpa","SILONG LIN","Se 23  330 Wattle St, ULTIMO NSW 2007, AUS",,,,"-33.87928","151.19624"
"40d88335-9601-ed11-8127-0050569a458f","findacpa","Pitt Martin Tax Pty Ltd","Se 803, L 8  97-99 Bathurst St, SYDNEY NSW 2000, AUS","info@pittmartingroup.com.au","+61292213345","http://www.pittmartingroup.com.au","-33.87451","151.20588"
"1da3191e-3a88-e011-972f-005056b3003f","findacpa","Oracle Accounting & Wealth","Se 31  89-97 Jones St, ULTIMO NSW 2007, AUS","info@oracleaccounting.com.au","+61297152977","http://www.oracleaccounting.com.au","-33.8791","151.19668"
"c5cd162e-556d-e111-a0c0-005056b3003f","findacpa","LLB Accountants Pty Ltd","Se 95  330 Wattle St, ULTIMO NSW 2007, AUS","info@linleobeak.com","+61299386253","http://linleobeak.com/","-33.87928","151.19624"
"8c7b53dc-052e-e711-80e9-0050569a1c9a","findacpa","Expert Business and Tax Advisory","Se 602, L 6  321 Pitt St, SYDNEY NSW 2000, AUS","mannie@ebta.com.au","+61246011988","http://www.expertaccountants.com.au","-33.87395","151.20768"
"41ce4359-27b2-e211-9d3f-0050569a6f1b","findacpa","Rob Kerr & Co","U 8  28 Rangers Rd, CREMORNE NSW 2090, AUS","robkerr@bigpond.com","+61299082935",,"-33.83307","151.22587"
"c5db0505-1388-e011-87e1-005056b30007","findacpa","Zonaras Consulting Pty Ltd","Polding House, L 5  276 Pitt St, SYDNEY NSW 2000, AUS","frank@zonaras.com.au","0292600800","http://www.zonaras.com.au/","-33.87403","151.20836"
"62faba5e-9fad-e511-b270-0050569a25f2","findacpa","Lancero Consulting","SUITE 3, L 1  365-375 Sussex St, SYDNEY NSW 2000, AUS","hello@lanceroconsulting.com","+61290559334","http://www.lanceroconsulting.com","-33.87698","151.20425"
"b2451726-1888-e011-87e1-005056b30007","findacpa","G.J.Fong Pty Limited","Labor Council Building, L 8  377-383 Sussex St, SYDNEY NSW 2000, AUS","gary@gjfong.com","+61292831188","http://","-33.8772","151.20441"
"3e444637-1e88-e011-82c3-005056b3003f","findacpa","SK Accounting Pty Ltd","199 Eastern Valley Way, MIDDLE COVE NSW 2068, AUS","sam.kuang@optusnet.com.au","61294193129","http://","-33.79527","151.20888"
"155684e7-d0b6-eb11-8126-0050569a1c9a","findacpa","HUATAI ACCOUNTING","Suite 308, Level 3, 405-411 Sussex St, Sydney NSW 2000, AUS","sdpwde@hotmail.com","+61401930641",,"-33.8785","151.20444"
"2ed915ca-fa8a-ec11-8122-0050569a458f","findacpa","KL Accounting & Tax Services","U 5  5-15 Boundary St, ROSEVILLE NSW 2069, AUS","keith@klaccountingtaxservices.com.au","+61414555688","https://www.klaccountingtaxservices.com.au","-33.78654","151.18105"
"dc329ad3-1388-e011-87e1-005056b30007","findacpa","Jag Ludher Accountants","Se 101, L 1  332-336 Pitt St, SYDNEY NSW 2000, AUS","jag@jagludher.com.au","+61292629668","http://www.jagludher.com","-33.87612","151.20818"
"6edd796a-600e-ee11-8141-0050569a1c9a","findacpa","Wetax Pty Ltd","U 1211  87-89 Liverpool St, SYDNEY NSW 2000, AUS","clooney@wetax.net.au","+61432818161",,"-33.87726","151.2067"
"ef1a2e94-1988-e011-87e1-005056b30007","findacpa","Elias Financial Services","L 4  255 Castlereagh St, SYDNEY NSW 2000, AUS","george@eliasfinancial.com.au","+61292643084","http://www.eliasfinancial.com.au","-33.87659","151.20855"
"4d3e545c-57f3-ec11-b5cf-0003ff6f27fd","findacpa","Brightax Accountants","Suite 206 431, 439 Sussex St, HAYMARKET NSW 2000, AUS","jing@brightax.com.au","+61430544467",,"-33.8793","151.20465"
"caf4552e-1488-e011-87e1-005056b30007","findacpa","Teh & Ng Pty Ltd","HSBC Building Suite 303 Level 3, 728 George St, HAYMARKET NSW 2000, AUS","lteh@tehng.com.au","+61292121668",,"-33.87887","151.20594"
"45635bf7-adb7-e811-8102-0050569a1c9a","findacpa","LMY CONSULTING PTY LTD","Museum Towers, Se 508  267-277 Castlereagh St, SYDNEY NSW 2000, AUS","rocky@lmy.com.au","+61415887233",,"-33.87753","151.20836"
"fbdfc183-1d88-e011-87e1-005056b30007","findacpa","Jack Singh & Co","Museum Towers, Se 502  267-277 Castlereagh St, SYDNEY NSW 2000, AUS","jacksingh@bigpond.com","+61292834544",,"-33.87752","151.20836"
"d63ddeb6-6387-ed11-a81c-0022489716c4","findacpa","Mavin Accountants","U 27  301 Castlereagh St, HAYMARKET 2000, AUS","mukund@mavinadvisors.com.au","0449822420","https://www.mavinadvisors.com.au","-33.87873","151.20824"
"6d83fb0e-878b-e611-80e4-0050569a1c9a","findacpa","TINO CALTABIANO & CO","45 Clements St, RUSSELL LEA NSW 2046, AUS","tinocaltabianoco@outlook.com","+61417253601","http://www.tinocaltabiano.com","-33.86054","151.14621"