accountId,type,name,address,email,phone,website,lat,lng
"21782e4f-c3d3-e611-80e8-0050569a458f","findacpa","Ben Collins Pty Ltd","18 Aston St, HUNTERS HILL NSW 2110, AUS","mail@bencollins.com.au","0426923669","https://www.bencollins.com.au/","-33.82723","151.1327"
"c2a7959c-e5eb-e911-810b-0050569a1c9a","findacpa","H Accounting & Tax","U 7d  40 Cope St, LANE COVE NSW 2066, AUS","shuangyj@gmail.com","+61433432662",,"-33.81947","151.15265"
"9308b5b5-2f88-e011-87e1-005056b30007","findacpa","Lewis & Co.","PO Box 573, GLADESVILLE NSW 1675, AUS","andrew@lewfin.com.au","+61298172266",,"-33.82812","151.1272"
"8250d8e0-3288-e011-87e1-005056b30007","findacpa","CT Accountants Australia","208 Victoria Rd, DRUMMOYNE NSW 2047, AUS","ctolis@ctaccountants.com.au","+61290081391","http://www.ctaccountants.com.au","-33.85054","151.15448"
"ab328a5b-aa3a-e311-bbb1-0050569a6ed2","findacpa","Elliott, Chee, Sun & Khoe Pty Ltd","PO Box 369, DRUMMOYNE NSW 1470, AUS","jacky@elliottchee.com","+61430552567","http://www.ecsk.com.au","-33.85255","151.15283"
"459cfb01-8a16-ec11-811d-0050569a458f","findacpa","Nobilis NRI Taxation","299 Lyons Rd, RUSSELL LEA NSW 2046, AUS","sathyahegde@nritaxation.com.au","+61406799868","https://www.nritaxation.com.au/","-33.86052","151.14145"
"6d83fb0e-878b-e611-80e4-0050569a1c9a","findacpa","TINO CALTABIANO & CO","45 Clements St, RUSSELL LEA NSW 2046, AUS","tinocaltabianoco@outlook.com","+61417253601","http://www.tinocaltabiano.com","-33.86054","151.14621"
"f4f5bea9-1988-e011-87e1-005056b30007","findacpa","Peppernell Consulting","Level 1, 185 Great North Rd, FIVE DOCK NSW 2046, AUS","neale@peppernellconsulting.com.au","+61297136910","http://www.peppernellconsulting.com.au/","-33.86659","151.1298"
"d8173818-2188-e011-87e1-005056b30007","findacpa","Gerard Michael Hughes","34 Ingham Ave, FIVE DOCK NSW 2046, AUS","gm.hughes@bigpond.com","+61297134404",,"-33.8704","151.13589"
"66ad1182-acea-e211-be7a-0050569a6f1c","findacpa","Professional Insights Pty Ltd","PO Box 6027, NORTH RYDE NSW 2113, AUS","jackie@professionalinsights.com.au","+61298165443","http://www.professionalinsights.com.au","-33.79668","151.1295"
"60da0622-3488-e011-87e1-005056b30007","findacpa","ABK Accounting & Business Solutions","U 32  86-88 Tennyson Rd, MORTLAKE NSW 2137, AUS","amanda@abkaccountants.com.au","0408409742","http://www.abkaccountants.com.au","-33.84102","151.10688"
"279c67c0-676b-e311-8aaf-0050569a6ed2","findacpa","DC Accounting & Advisory","Suite 404, 49-51 Queens Rd, FIVE DOCK NSW 2046, AUS","info@dcas.com.au","+61421067727","http://www.dcas.com.au","-33.87006","151.12259"
"c2da9a01-2188-e011-82c3-005056b3003f","findacpa","MBM Accountants Pty Ltd","Level 4, Unit 418, 49-51 Queens Rd, FIVE DOCK NSW 2046, AUS","Info@mbm-accountants.com.au","+61295681533","http://www.mbm-accountants.com.au","-33.87006","151.12259"
"036f3e98-2c88-e011-972f-005056b3003f","findacpa","Hansam Consulting Services","40 Bruce St, RYDE NSW 2112, AUS","hannah@hansam.com.au","+61298983934",,"-33.80395","151.11477"
"ccd2827d-1d88-e011-87e1-005056b30007","findacpa","Mario Nayna & Co","11 Payten St, PUTNEY NSW 2112, AUS",,,"http://","-33.82294","151.10542"
"a6d68ba8-04c4-ef11-b8e8-00224818704c","findacpa","Trevanta Pty Ltd","5 Byron St, CROYDON NSW 2132, AUS","info@trevanta.com.au","0291271394","https://www.trevanta.com.au","-33.87364","151.12164"
"48a29085-dd44-e311-b7f3-0050569a6f1b","findacpa","James A.S Pollifrone","2 Nicholas Ave, CONCORD NSW 2137, AUS","jasp@jaspaccountants.com.au","+61410542046",,"-33.86065","151.10957"
"0e5787ec-0081-ed11-a81c-002248941de6","findacpa","SETA ACCOUNTING","Coworking Hub, Top Ryde City, 109 Blaxland Rd, RYDE NSW 2112, AUS","admin@bataccountants.com.au","+61424231201","https://www.bataccountants.comau","-33.81321","151.10615"
"9e1d5cab-ce87-ed11-a81c-002248990531","findacpa","Life Accounting Pty Ltd","7 Eden Park Dr, MACQUARIE PARK NSW 2113, AUS","life@lifeaccounting.com.au","1300 009 391","https://www.lifeaccounting.com.au","-33.78618","151.13135"