accountId,type,name,address,email,phone,website,lat,lng
"d1249873-1e88-e011-82c3-005056b3003f","findacpa","Andrew Kwong & Co","28 Beaconsfield Pde, LINDFIELD NSW 2070, AUS","andrewkwong@bigpond.com","+61294164373",,"-33.77868","151.16543"
"3d239e69-26ae-e311-b1b2-0050569a6f1c","findacpa","Excellent Accounting Service Pty Ltd","PO Box 249, LINDFIELD NSW 2070, AUS","carol@excellentaccounting.com.au","+61292328185","http://www.excellentaccounting.com.au","-33.78014","151.16191"
"2ed915ca-fa8a-ec11-8122-0050569a458f","findacpa","KL Accounting & Tax Services","U 5  5-15 Boundary St, ROSEVILLE NSW 2069, AUS","keith@klaccountingtaxservices.com.au","+61414555688","https://www.klaccountingtaxservices.com.au","-33.78654","151.18105"
"87d69478-3026-e611-80dc-0050569a458f","findacpa","Aolong Tax and Accouting Services","90 Highfield Rd, LINDFIELD NSW 2070, AUS","Joanneqli@yahoo.com.au","+61430352286","http://aolongtaxandaccounting.com.au","-33.77742","151.1533"
"d5c6a2eb-36d9-e611-80e8-0050569a458f","findacpa","AP Accountancy","Suite 505, L 5  815 Pacific Hwy, CHATSWOOD NSW 2067, AUS","ben.au@apfamily.com","0280663366","http://www.aplimited.com.au","-33.79583","151.17847"
"aa62dd15-3488-e011-87e1-005056b30007","findacpa","Excellent Accounting Services","U 14  14 Brown St, CHATSWOOD NSW 2067, AUS","tszwai_ng@hotmail.com","+61410698928",,"-33.79655","151.17843"
"de1762a8-704f-e911-8106-0050569a1c9a","findacpa","PGL Accounting","Se 602  8 Help St, CHATSWOOD NSW 2067, AUS","pg10@pgltax.com.au","+61425350428",,"-33.79604","151.17964"
"beae8d57-ba80-e411-b680-0050569a6ed0","findacpa","CO Partners Accountants & Advisors","Se 202  7 Railway St, CHATSWOOD NSW 2067, AUS","info@copaa.com.au","+61433733704","http://www.copaa.com.au","-33.79531","151.18052"
"b04a712a-500c-e211-ba47-005056b3003f","findacpa","Miramar Accountants & Advisers","Suite 702, L 7  8 Help St, CHATSWOOD NSW 2067, AUS","sokamkwan1@hotmail.com","+61298847233",,"-33.79604","151.17964"
"95929a1d-7ef0-e811-a140-0003ff49cc75","findacpa","Platinum Cloud Consulting Pty Ltd","Suite 803 10 Help St, CHATSWOOD NSW 2067, AUS","songbai@cloudaccountant.net.au","+0433875868","http://www.cloudaccountant.net.au","-33.79627","151.17936"
"7d7f0b37-7770-e411-bb53-0050569a6ed1","findacpa","Trinity Consulting Group Pty Ltd","Se 704  10 Help St, CHATSWOOD NSW 2067, AUS","dorothy.liu@trinitycg.com.au","+61430292152","http://www.trinitycg.com.au/","-33.79627","151.17936"
"29d2edc0-3888-e011-972f-005056b3003f","findacpa","Smartax & Accounting","Se 901  10 Help St, CHATSWOOD NSW 2067, AUS","info@smart-tax.com.au","+61294151279","http://www.smart-tax.com.au/index.php","-33.79626","151.17937"
,"financialplanners","Kam Yuen","Se 408  10 Help St, CHATSWOOD, NSW, 2067","kam.yuen@cowealth.com.au","+61280214889","www.cowealth.com.au","-33.79626","151.17937"
"c3d69125-f379-ef11-ac20-002248145294","findacpa","GZ Business Solutions Pty Ltd","Se 601  2 Help St, CHATSWOOD NSW 2067, AUS","jzhou@auao.com.au","+61433388655",,"-33.79591","151.18002"
"248dafcf-bcb4-e911-8106-0050569a458f","findacpa","Jinlin Zhou","Se 601  2 Help St, CHATSWOOD NSW 2067, AUS","jzhou@auao.com.au","+61433388655",,"-33.79591","151.18002"
"f8999296-bdb4-e911-8106-0050569a458f","findacpa","AU Accounting Office","Se 601  2 Help St, CHATSWOOD NSW 2067, AUS","jzhou@auao.com.au","+61433388655","https://www.auao.com.au","-33.79591","151.18002"
"06d233b3-2488-e011-87e1-005056b30007","findacpa","TaxHelper","L 13  465 Victoria Ave, CHATSWOOD NSW 2067, AUS","chatswood@taxhelper.co","0406978394","http://www.taxhelper.co","-33.79681","151.17992"
"0b02152c-1f88-e011-87e1-005056b30007","findacpa","A-Plus Accountant and Business Consultant Pty Ltd","Suite 604 (Level 6), South Tower 1-5 Railway Street, CHATSWOOD NSW 2067, AUS","aplusabcptyltd@gmail.com","+61294103611","https://www.aplusaccountant.com","-33.79627","151.18062"
"4eb00e70-d35b-ec11-812d-0050569a1c9a","findacpa","Lin Accounting Services","U 1701  2a Help St, CHATSWOOD NSW 2067, AUS","linaccountingservices@yahoo.com.au",,,"-33.7953","151.18189"
"c8eac3b1-86ae-e911-8109-0050569a1c9a","findacpa","JD Advisory Group Pty Ltd","PO Box 660, CHATSWOOD NSW 2057, AUS","kw@jdadvisory.com.au","0430936663","https://jdadvisory.com.au/","-33.79626","151.18112"
"988e8547-cdc0-e611-80e8-0050569a458f","findacpa","Yang ke t/a YK tax & Accounting","PO Box 566, CHATSWOOD NSW 2057, AUS","yang.ke@ykaccounting.com.au","+61294123906","http://www.ykaccounting.com.au","-33.79626","151.18112"
"69db65f1-c272-e511-bfd3-0050569a6f1c","findacpa","DPM Sydney Pty Ltd","PO Box 1418, CHATSWOOD NSW 2057, AUS",,"+61294112344",,"-33.79626","151.18112"
"2e5d7b4e-1288-e011-87e1-005056b30007","findacpa","Steel Jagger & Associates","PO Box 1266, CHATSWOOD NSW 2057, AUS","ianj@steeljagger.com.au","61421201306","http://","-33.79626","151.18112"
"9ac59425-1c88-e011-87e1-005056b30007","findacpa","R Chater & Co","PO Box 1443, CHATSWOOD NSW 2057, AUS","razmik@chater.com.au","+61294174255","http://www.chater.com.au/","-33.79626","151.18112"
"6f0f6e47-1db4-e011-8bb9-005056b30007","findacpa","Northern Suburbs Taxation","SUITE 106, L 1  781 Pacific Hwy, CHATSWOOD NSW 2067, AUS","kenl@nstaxation.com.au","+61430162699","http://www.nstaxation.com.au","-33.79862","151.17901"
"0cb519fa-07e8-e811-a140-0003ff49cc75","findacpa","Leading Tax","Se 201  24 Thomas St, CHATSWOOD NSW 2067, AUS","kenny@theleadingtax.com.au","+61433100799","http://www.theleadingtax.com.au/","-33.79854","151.17932"
"84e10e74-efb7-e511-9a1f-0050569a4df0","findacpa","Itax Group Pty Ltd","Se 2A  376 Victoria Ave, CHATSWOOD NSW 2067, AUS","info@itaxgroup.com.au","+61285406020","http://www.itaxgroup.com.au","-33.79646","151.18322"
"381a9e08-1888-e011-87e1-005056b30007","findacpa","A A Tateossian & Co","Se 505  71-73 Archer St, CHATSWOOD NSW 2067, AUS","arthur@mycpa.com.au","+61294132522",,"-33.79604","151.18604"
"aa4e3928-57b4-ea11-810b-0050569a458f","findacpa","JD Accountant","Se 204  284 Victoria Ave, CHATSWOOD NSW 2067, AUS","jd@accts.com.au","+61433115501",,"-33.79555","151.18659"
"33540fdd-9ce9-e011-9922-005056b30007","findacpa","White McIntyre & Co","U 13  56 Neridah St, CHATSWOOD NSW 2067, AUS","sidney@whitemcintyre.com.au","+61294134225",,"-33.79591","151.18693"
"059efd70-1888-e011-87e1-005056b30007","findacpa","Joe Dayton & Co","U 7  47 Neridah St, CHATSWOOD NSW 2067, AUS","joedayton@outlook.com","+61294154744",,"-33.79632","151.18774"
"39b146a6-fdee-e511-80fa-0050569a4df0","findacpa","Hongbin Yang tr/as Lueric Accountancy & Taxation","U 16  152-156 Hampden Rd, ARTARMON NSW 2064, AUS","hyang799@yahoo.com.au","+61406399568",,"-33.8075","151.18228"
"623e28a2-e983-e411-b387-0050569a6f1b","findacpa","CFO Professional Pty Ltd","39 Baldwin St, GORDON NSW 2072, AUS","stephen@cfopro.com.au","+61421510656","http://www.cfopro.com.au","-33.74348","151.15868"
"87c1a36d-1988-e011-87e1-005056b30007","findacpa","Partell & Associates Pty Ltd","Se 3  181 High St, NORTH WILLOUGHBY NSW 2068, AUS","eric@partell.com","+61299587444","http://www.partell.com","-33.79663","151.20121"
"01944ae2-c519-e711-9404-0003ff496f72","findacpa","JTR & Associates","U 1  14-16 Suakin St, PYMBLE NSW 2073, AUS","admin@jtrandassoc.com.au","+61291443180","http://www.jtrandassoc.com.au","-33.75107","151.1429"
"bbc15aa8-9ae5-e911-8108-0050569a458f","findacpa","Jianfeng Zhang","5 Kendall St, PYMBLE NSW 2073, AUS","garychangkf@hotmail.com",,,"-33.75858","151.13684"
"9e1d5cab-ce87-ed11-a81c-002248990531","findacpa","Life Accounting Pty Ltd","7 Eden Park Dr, MACQUARIE PARK NSW 2113, AUS","life@lifeaccounting.com.au","1300 009 391","https://www.lifeaccounting.com.au","-33.78618","151.13135"
"c2a7959c-e5eb-e911-810b-0050569a1c9a","findacpa","H Accounting & Tax","U 7d  40 Cope St, LANE COVE NSW 2066, AUS","shuangyj@gmail.com","+61433432662",,"-33.81947","151.15265"
"ae42ca7a-2488-e011-972f-005056b3003f","findacpa","SCS Global Consulting Australia Pty Ltd","5 Edna St, WILLOUGHBY EAST NSW 2068, AUS","masaya@scsglobal.com.au","99549200",,"-33.79773","151.20527"
"3e444637-1e88-e011-82c3-005056b3003f","findacpa","SK Accounting Pty Ltd","199 Eastern Valley Way, MIDDLE COVE NSW 2068, AUS","sam.kuang@optusnet.com.au","61294193129","http://","-33.79527","151.20888"
"66ad1182-acea-e211-be7a-0050569a6f1c","findacpa","Professional Insights Pty Ltd","PO Box 6027, NORTH RYDE NSW 2113, AUS","jackie@professionalinsights.com.au","+61298165443","http://www.professionalinsights.com.au","-33.79668","151.1295"
"74c1b00d-1b88-e011-87e1-005056b30007","findacpa","Mark Arenson & Co Pty Ltd","U 5a  15-17 Stanley St, ST IVES NSW 2075, AUS","mark@markarensonco.com.au","+61291442266","http://www.markarensonaccounting.com","-33.72991","151.16263"