accountId,type,name,address,email,phone,website,lat,lng
,"financialplanners","Massimiliano Pagnin","PO Box 108, LIVERPOOL, NSW, 1871","max@alturafinancial.com.au","061-02-87760104","www.alturafinancial.com.au","-33.92364","150.91586"
"9db46f41-c97c-ed11-812e-0050569a458f","findacpa","Garufi McDonald Pty Ltd","Se 1  220 Northumberland St, LIVERPOOL NSW 2170, AUS","con@garufica.com.au",,"http://www.garufica.com.au","-33.92336","150.92261"
"7eb91921-1488-e011-87e1-005056b30007","findacpa","Business & Taxation Concepts","L 1  147 Northumberland St, LIVERPOOL NSW 2170, AUS","admin@btconcepts.com.au","+61296021100","http://www.btconcepts.com.au","-33.92108","150.92241"
"c32d23d8-039a-e811-8102-0050569a1c9a","findacpa","Prudence Accounting","U 1  32 Castlereagh St, LIVERPOOL NSW 2170, AUS","steven@pdgp.com.au","0282106711",,"-33.91924","150.9209"
"3bee35a5-3088-e011-87e1-005056b30007","findacpa","Southside Taxation & Financial Services Pty Ltd","197 Northumberland St, LIVERPOOL NSW 2170, AUS","mail@southsidetaxation.com.au","+61298214717","http://www.southsidetaxation.com.au","-33.92005","150.92288"
"352a09d5-7cd8-eb11-811b-0050569a458f","findacpa","Alliance Accounting","Se 5  173-179 Bigge St, LIVERPOOL NSW 2170, AUS","theo@allianceaccounting.com.au","1300135918","http://www.allianceaccounting.com.au","-33.92185","150.92676"
"a1146d12-3288-e011-87e1-005056b30007","findacpa","PDL Accounting & Business Consultancy Pty Ltd","4 Kathleen Ave, LURNEA NSW 2170, AUS","may@pdlaccountingandlegal.com.au","+61412480842",,"-33.93726","150.89463"
"1a455b56-1a88-e011-87e1-005056b30007","findacpa","Kim P Ong & Co","249 John St, CABRAMATTA WEST NSW 2166, AUS",,"+61297286552","http://","-33.89245","150.91905"
"c911a900-d2ed-e211-9d4a-0050569a6f1b","findacpa","Sagitta Consulting & Business Solutions Pty Ltd","40 Magree Cres, CHIPPING NORTON NSW 2170, AUS","info@sagittaconsulting.com.au","+61499990728","http://www.sagittaconsulting.com.au","-33.92763","150.95059"
"ce41ddae-9049-e611-80de-0050569a1c9a","findacpa","HT Admin Pty Ltd ATF HT Admin Unit Trust t/as Higgins Tonna & Co","240 Nuwarra Rd, MOOREBANK NSW 2170, AUS","belinda@higginstonna.com.au","+61297312414","http://www.higginstonna.com.au","-33.94475","150.94791"
"c5d47e2e-3bff-e811-8104-0050569a458f","findacpa","Full Cycle Accounting Pty Ltd","1 Yarran Ct, WATTLE GROVE NSW 2173, AUS","info@fullcycleaccounting.com.au","+61297311603","http://fcahq.com.au","-33.9543","150.94319"
"61b91888-e79c-eb11-8122-0050569a1c9a","findacpa","Essential Accounting Sydney","57 Katinka St, BONNYRIGG NSW 2177, AUS","jpappas2601@gmail.com","+61401130684",,"-33.89732","150.89449"
"ee530a82-1b88-e011-87e1-005056b30007","findacpa","Sunny Wong & Co","Shop 27  193 Railway Pde, CABRAMATTA NSW 2166, AUS","sunny@sunnywongaccountants.com.au","+61297260566",,"-33.89431","150.93816"
"4ce3661e-f69e-ea11-8109-0050569a458f","findacpa","M & A Accounting & Taxation Services","45 Mary Ann Dr, GLENFIELD NSW 2167, AUS","rmoyeen79@gmail.com","+61414692879",,"-33.96171","150.89093"