accountId,type,name,address,email,phone,website,lat,lng
"faef3a7d-51f8-ed11-8141-0050569a1c9a","findacpa","CNN Accountants Pty Limited","13 Empire Pl, ILLAWONG NSW 2234, AUS","christo_n@hotmail.com.au","+61401336193",,"-33.9973","151.03215"
"8eebe99c-3088-e011-87e1-005056b30007","findacpa","Margetson & Associates Pty Ltd","PO Box 4146, OATLEY NSW 2223, AUS",,"+61295961755",,"-33.98387","151.07346"
"1a693ab2-1288-e011-87e1-005056b30007","findacpa","Gokani & Associates Services","96 Cahors Rd, PADSTOW NSW 2211, AUS","admin@gokani.com.au","+61297921422",,"-33.94994","151.03008"
"657138ee-1d88-e011-87e1-005056b30007","findacpa","T C Siow","127 Broadarrow Rd, RIVERWOOD NSW 2210, AUS","bensiow@outlook.com.au","+61295964788",,"-33.94951","151.0619"
"6e277798-1a88-e011-87e1-005056b30007","findacpa","A Squires & Associates","1 Yungana Pl, BANGOR NSW 2234, AUS","asquires1@yahoo.com.au","+61414375666",,"-34.01694","151.03286"
"0bc69088-1488-e011-87e1-005056b30007","findacpa","David Kutcher & Co","33a Penshurst St, PENSHURST NSW 2222, AUS","david@kutcher.com.au","+61295704400","http://","-33.96483","151.08768"
"a67ad01b-1688-e011-87e1-005056b30007","findacpa","Coordinated Tax & Accounting Pty Ltd","4 Laurel Gr, MENAI NSW 2234, AUS","richard@coordtax.com.au","+61417209487",,"-34.01819","151.01772"