accountId,type,name,address,email,phone,website,lat,lng
"a67ad01b-1688-e011-87e1-005056b30007","findacpa","Coordinated Tax & Accounting Pty Ltd","4 Laurel Gr, MENAI NSW 2234, AUS","richard@coordtax.com.au","+61417209487",,"-34.01819","151.01772"
"6e277798-1a88-e011-87e1-005056b30007","findacpa","A Squires & Associates","1 Yungana Pl, BANGOR NSW 2234, AUS","asquires1@yahoo.com.au","+61414375666",,"-34.01694","151.03286"
"faef3a7d-51f8-ed11-8141-0050569a1c9a","findacpa","CNN Accountants Pty Limited","13 Empire Pl, ILLAWONG NSW 2234, AUS","christo_n@hotmail.com.au","+61401336193",,"-33.9973","151.03215"
"99198888-6e5c-eb11-8120-0050569a1c9a","findacpa","Amy Accounting and Auditng Services","17 Caldarra Ave, ENGADINE NSW 2233, AUS","amytaxcpa@gmail.com","+61430231270",,"-34.05813","151.01833"
"8bee788b-4b44-e911-8105-0050569a1c9a","findacpa","ALG SOLUTIONS PTY LTD","37 Sixth Ave, LOFTUS NSW 2232, AUS","anandg@algsolutions.com.au","+61431159820","http://www.algsolutions.com.au","-34.0416","151.04618"
,"financialplanners","Matt Pack","10 Spur Cres, LOFTUS, NSW, 2232","matt@ifin.com.au","061-02-85254600","www.hayesknight.com.au","-34.0527","151.043"