accountId,type,name,address,email,phone,website,lat,lng
"53237d87-1988-e011-87e1-005056b30007","findacpa","Magoulias & Associates","LEVEL 2, 91 George St, THE ROCKS NSW 2000, AUS","accountant@magoulias.com.au","+61292525518",,"-33.85941","151.20855"
"6fc1238c-49ed-eb11-ba5e-0003ff6f6520","findacpa","Linkins Pty Ltd","1 Sussex St, BARANGAROO NSW 2000, AUS","hello@linkins.com.au","+61432096415","http://www.linkins.com.au","-33.86477","151.20314"
"3234c560-36f9-e411-86b0-0050569a6ed1","findacpa","Financial Decisions Tax & Accounting Pty Ltd","L 10  28 Margaret St, SYDNEY NSW 2000, AUS","Chetan@provenancepartners.com.au","0435600630",,"-33.86486","151.20504"
"55e8065e-05db-e711-80f5-0050569a1c9a","findacpa","PM Prime Accounting","Tower 3, Three International Towers, Level 24, 300 Barangaroo Ave, BARANGAROO NSW 2000, AUS","Peter@pmpaccounting.com.au","+61280678643","http://www.pmpaccounting.com.au/","-33.86513","151.2022"
"46319ec6-491f-eb11-811b-0050569a1c9a","findacpa","BDO Services Pty Ltd t/a BDO","L 11  1 Margaret St, SYDNEY NSW 2000, AUS","Elina.McKerrell@bdo.com.au","+61292409989","https://www.bdo.com.au/en-au/home","-33.8653","151.20471"
"275ab578-1688-e011-87e1-005056b30007","findacpa","AD Danieli Pty Ltd","L 1  261 George St, SYDNEY NSW 2000, AUS","sam@addca.com.au","+61292903099","http://addca.com.au/","-33.86447","151.20715"
"78b97f24-e99c-e311-aa19-0050569a6f1c","findacpa","Bentleys","L 14  60 Margaret St, SYDNEY NSW 2000, AUS","Jannie.vanDeventer@BentleysNSW.com.au","+61292200700","http://www.bentleys.com.au/Bentleys-New-South-Wales","-33.86476","151.20678"
"975166a4-2c73-e711-80ef-0050569a458f","findacpa","HH Partners Pty Ltd","L 10  83 Clarence St, SYDNEY NSW 2000, AUS","carol.luu08@gmail.com","0424259820","http://www.hhpartnerscpa.com","-33.86604","151.20463"
"2224bfb0-7983-e111-a0c0-005056b3003f","findacpa","Central Advisory Group","Suite 105, L 1  50 Clarence St, SYDNEY NSW 2000, AUS","services@centralaccounting.com.au","+61297915897","http://www.centralaccounting.com.au","-33.8659","151.20516"
"8b783f18-5499-e911-8106-0050569a458f","findacpa","Airtyre Pty Ltd","L 1  58 Pitt St, SYDNEY NSW 2000, AUS","secretary-ps@itpsydney.com","+61292412340","http://www.itp.com.au","-33.86424","151.20906"
"d83cd235-9aed-ea11-8118-0050569a1c9a","findacpa","CMP Acumen Pty Ltd","L 2  309-315 George St, SYDNEY NSW 2000, AUS","cmpacumen@gmail.com","+61432639623",,"-33.86614","151.20697"
"1ed1b405-7fc2-e611-8e31-0050569a25f2","findacpa","Shane David Accounting & Taxation Services","Se 7, G  123 Clarence St, SYDNEY NSW 2000, AUS","info@shanedavid.com.au","+61285999985","http://www.shanedavid.com.au","-33.86726","151.20475"
"c1a6f356-00e6-e811-8104-d2c538d7c1ed","findacpa","Portman Newton","L 14  309 Kent St, SYDNEY NSW 2000, AUS","portman@portmannewton.com","+61290904772","http://www.portmannewton.com","-33.86754","151.20397"
"efc32252-be73-ec11-b820-0003ff6fe48e","findacpa","Cathro & Partners Pty Ltd","L 13  333-339 George St, SYDNEY NSW 2000, AUS","admin@cathropartners.com.au","+61291891700","http://www.cathropartners.com.au","-33.86682","151.20689"
"f057cac3-2388-e011-972f-005056b3003f","findacpa","Austax Accounting Services Pty Ltd","L 2  333-339 George St, SYDNEY NSW 2000, AUS","susanna@aussfintax.com.au","0402948360",,"-33.86682","151.20689"
"caa8c837-2988-e011-972f-005056b3003f","findacpa","Crouch Amirbeaggi","Se 403  55 Lime St, SYDNEY NSW 2000, AUS","admin@crouchamirbeaggi.com.au","+61282629333","http://www.crouchamirbeaggi.com","-33.86765","151.20155"
"a02d9c8f-7391-e911-8107-0050569a1c9a","findacpa","Lincoln Partners","L 1  120 Sussex St, SYDNEY NSW 2000, AUS","matthew.duhigg@lincolnpartners.com.au","+61411529869","http://www.lincolnpartners.com.au","-33.8683","151.20381"
"e82aaa15-3588-e011-87e1-005056b30007","findacpa","Star & Associates","L 7  16-18 O'Connell St, SYDNEY NSW 2000, AUS","luke@starassociates.com.au","+611300308460","http://www.starassociates.com.au/","-33.86533","151.20972"
"638992c3-1b1e-ef11-840a-000d3ae11a71","findacpa","CODI Accounting & Finance","Se 51, L 10  88 Pitt St, SYDNEY NSW 2000, AUS","admin@codi-finance.com","+61416870766","https://www.codi-finance.com","-33.867","151.20884"
"ef17a208-1a88-e011-87e1-005056b30007","findacpa","ZM Partners","L 5  350 Kent St, SYDNEY NSW 2000, AUS","maurizio@zmp.com.au","+61292622266","http://www.zmp.com.au/","-33.86999","151.20508"
"8c781ac9-bc16-ec11-b76a-0003ff6f4f44","findacpa","Allworths Assurance & Advisory Pty Ltd","St Martins Tower, L 18  31 Market St, SYDNEY NSW 2000, AUS","gshen@allworths.com.au","+61433677988","http://www.allworhts.com.au","-33.87131","151.20579"
"57d6d66b-1688-e011-87e1-005056b30007","findacpa","Hunt & Company","Se 1, L 10  74 Castlereagh St, SYDNEY NSW 2000, AUS","info@huntandcompany.com.au","+61292313150","http://www.huntandcompany.com.au","-33.86929","151.20995"
"36559d62-8a25-e711-80e9-0050569a1c9a","findacpa","Olivetree Consultants Pty Ltd","B101, 24 Point St, PYRMONT NSW 2009, AUS","sathyahegde@olivetreeconsultants.com.au","+61406799868","http://www.olivetreebusinessadvisory.com.au/","-33.86642","151.19415"
"a75e6ad6-e8d8-e411-8909-0050569a6ed0","findacpa","Elevation Accounting and Advisory Pty Ltd","PO Box 744, MILSONS POINT NSW 1565, AUS","david@elevationadvisory.com.au","+61294098000","http://www.elevationadvisory.com.au","-33.8471","151.21134"
"16352227-1f88-e011-82c3-005056b3003f","findacpa","FMA Wealth Management","PO Box 426, MILSONS POINT NSW 1565, AUS","frank@fmawealth.com.au","+61290557970","http://www.fmawealth.com.au","-33.8471","151.21134"
"05ed62d3-f955-eb11-811f-0050569a1c9a","findacpa","Hoi's & Co Pty Ltd","Suite 103, 507 Kent St, SYDNEY NSW 2000, AUS","laihoipang@gmail.com","+61449678250",,"-33.874","151.20499"
"8c7b53dc-052e-e711-80e9-0050569a1c9a","findacpa","Expert Business and Tax Advisory","Se 602, L 6  321 Pitt St, SYDNEY NSW 2000, AUS","mannie@ebta.com.au","+61246011988","http://www.expertaccountants.com.au","-33.87395","151.20768"
"5d1fa0e8-b166-ec11-b820-0003ff6ff88a","findacpa","SMR Accounting & Tax Services Pty Ltd","U 8  17 Waruda St, KIRRIBILLI NSW 2061, AUS","sally.shi@smrtax.com.au","+61403859118",,"-33.85136","151.21659"
"40d88335-9601-ed11-8127-0050569a458f","findacpa","Pitt Martin Tax Pty Ltd","Se 803, L 8  97-99 Bathurst St, SYDNEY NSW 2000, AUS","info@pittmartingroup.com.au","+61292213345","http://www.pittmartingroup.com.au","-33.87451","151.20588"
"c5db0505-1388-e011-87e1-005056b30007","findacpa","Zonaras Consulting Pty Ltd","Polding House, L 5  276 Pitt St, SYDNEY NSW 2000, AUS","frank@zonaras.com.au","0292600800","http://www.zonaras.com.au/","-33.87403","151.20836"
"dc329ad3-1388-e011-87e1-005056b30007","findacpa","Jag Ludher Accountants","Se 101, L 1  332-336 Pitt St, SYDNEY NSW 2000, AUS","jag@jagludher.com.au","+61292629668","http://www.jagludher.com","-33.87612","151.20818"
"62faba5e-9fad-e511-b270-0050569a25f2","findacpa","Lancero Consulting","SUITE 3, L 1  365-375 Sussex St, SYDNEY NSW 2000, AUS","hello@lanceroconsulting.com","+61290559334","http://www.lanceroconsulting.com","-33.87698","151.20425"
"b2451726-1888-e011-87e1-005056b30007","findacpa","G.J.Fong Pty Limited","Labor Council Building, L 8  377-383 Sussex St, SYDNEY NSW 2000, AUS","gary@gjfong.com","+61292831188","http://","-33.8772","151.20441"
"ef1a2e94-1988-e011-87e1-005056b30007","findacpa","Elias Financial Services","L 4  255 Castlereagh St, SYDNEY NSW 2000, AUS","george@eliasfinancial.com.au","+61292643084","http://www.eliasfinancial.com.au","-33.87659","151.20855"
"6edd796a-600e-ee11-8141-0050569a1c9a","findacpa","Wetax Pty Ltd","U 1211  87-89 Liverpool St, SYDNEY NSW 2000, AUS","clooney@wetax.net.au","+61432818161",,"-33.87726","151.2067"
"e703af5a-1e88-e011-87e1-005056b30007","findacpa","I K O'Brien & Co","SUITE 1004, L 10  83 Mount St, NORTH SYDNEY NSW 2060, AUS","awhite@ikobrien.com.au","+61295501866","http://www.ikobrien.com.au","-33.83919","151.20806"
"45635bf7-adb7-e811-8102-0050569a1c9a","findacpa","LMY CONSULTING PTY LTD","Museum Towers, Se 508  267-277 Castlereagh St, SYDNEY NSW 2000, AUS","rocky@lmy.com.au","+61415887233",,"-33.87753","151.20836"
"fbdfc183-1d88-e011-87e1-005056b30007","findacpa","Jack Singh & Co","Museum Towers, Se 502  267-277 Castlereagh St, SYDNEY NSW 2000, AUS","jacksingh@bigpond.com","+61292834544",,"-33.87752","151.20836"
"155684e7-d0b6-eb11-8126-0050569a1c9a","findacpa","HUATAI ACCOUNTING","Suite 308, Level 3, 405-411 Sussex St, Sydney NSW 2000, AUS","sdpwde@hotmail.com","+61401930641",,"-33.8785","151.20444"
"caf4552e-1488-e011-87e1-005056b30007","findacpa","Teh & Ng Pty Ltd","HSBC Building Suite 303 Level 3, 728 George St, HAYMARKET NSW 2000, AUS","lteh@tehng.com.au","+61292121668",,"-33.87887","151.20594"
"4d3e545c-57f3-ec11-b5cf-0003ff6f27fd","findacpa","Brightax Accountants","Suite 206 431, 439 Sussex St, HAYMARKET NSW 2000, AUS","jing@brightax.com.au","+61430544467",,"-33.8793","151.20465"
"d63ddeb6-6387-ed11-a81c-0022489716c4","findacpa","Mavin Accountants","U 27  301 Castlereagh St, HAYMARKET 2000, AUS","mukund@mavinadvisors.com.au","0449822420","https://www.mavinadvisors.com.au","-33.87873","151.20824"
"618f394d-f12e-e711-80ea-0050569a458f","findacpa","GBH Advice Pty Ltd","Unit 708, L 7  100 William St, WOOLLOOMOOLOO NSW 2011, AUS","phil@andersonsmith.com.au","+61292350972",,"-33.87407","151.21683"
"e2eff13c-69fc-ea11-8119-0050569a1c9a","findacpa","Jing Zhang t/a Snap Accounts Pty Ltd","U 164  310 Wattle St, ULTIMO NSW 2007, AUS","alexandrazz2607@gmail.com","+61499989517",,"-33.87867","151.19576"
"1da3191e-3a88-e011-972f-005056b3003f","findacpa","Oracle Accounting & Wealth","Se 31  89-97 Jones St, ULTIMO NSW 2007, AUS","info@oracleaccounting.com.au","+61297152977","http://www.oracleaccounting.com.au","-33.8791","151.19668"
"8bf34afa-f4f9-e511-ba15-0050569a2c80","findacpa","Francine Alexandrou","suite 1,  1 Poplar St, SURRY HILLS NSW 2010, AUS",,"+61293136066",,"-33.87828","151.21239"
"f3edcf81-3788-e011-87e1-005056b30007","findacpa","Enabling Accountants","PO Box 6299, NORTH SYDNEY NSW 2059, AUS","yangcaddy@gmail.com",,"http://www.enablingaccountants.com.au","-33.83659","151.20871"
"6279b636-a919-eb11-8110-0050569a458f","findacpa","SILONG LIN","Se 23  330 Wattle St, ULTIMO NSW 2007, AUS",,,,"-33.87928","151.19624"
"c5cd162e-556d-e111-a0c0-005056b3003f","findacpa","LLB Accountants Pty Ltd","Se 95  330 Wattle St, ULTIMO NSW 2007, AUS","info@linleobeak.com","+61299386253","http://linleobeak.com/","-33.87928","151.19624"
"0de8b9a4-da98-eb11-89ee-0003ff6f4966","findacpa","Growth Prof","G04, 229 Miller St, NORTH SYDNEY NSW 2060, AUS","charitha@growth-prof.com.au","+61411794879","https://growthprof.com.au/","-33.83554","151.20823"
"87832493-c9e5-e711-bd60-0003ff679532","findacpa","nChant kOunting","U 48  237 Miller St, NORTH SYDNEY NSW 2060, AUS","nchantkounting@accsource.com.au","+61406727061","https://www.accsource.com.au/","-33.83518","151.20811"
"b933164a-941b-e411-a587-0050569a6f1c","findacpa","Ampersand Financial Services Pty Ltd","PO Box 277, DARLINGHURST NSW 1300, AUS","sally@ampersandfs.com","+61402153924","http://www.ampersandfs.com","-33.87791","151.21946"
"7b5b22af-1c88-e011-82c3-005056b3003f","findacpa","Visions Synergy Associates","PO Box 179, DARLINGHURST NSW 1300, AUS","lewis668@hotmail.com","02 99332 2882","http://www.visionssynergy.com.au/","-33.87791","151.21946"
"31d96739-1788-e011-87e1-005056b30007","findacpa","Archangel (WM) Pty Ltd","U 6  345 Pacific Hwy, NORTH SYDNEY NSW 2060, AUS","theo@archwealth.com.au","+61299290822","http://www.archwealth.com.au","-33.83123","151.20383"
"d8545d02-a3b3-eb11-8126-0050569a1c9a","findacpa","Onward Accounting and Taxation Pty Ltd","U 406  85 O'Connor St, CHIPPENDALE NSW 2008, AUS","charles@truesuccess.com.hk","+61298583237",,"-33.88622","151.20109"
"dd234bf3-a8e4-e211-89bc-0050569a6ed2","findacpa","Platinum Accounting Australia","U 335  410 Elizabeth St, SURRY HILLS NSW 2010, AUS","info@platinumaccg.com.au","+61292124703","http://www.platinumaccg.com.au","-33.88597","151.20854"
"28408e39-40e5-e711-bd60-0003ff679532","findacpa","The Pen Accounting Services Pty Ltd","393 Crown St, SURRY HILLS NSW 2010, AUS","kirsty@thepenaccounting.com.au","0290239945","http://thepenaccounting.com.au","-33.88561","151.21377"
"9ff31578-b967-e311-8f21-0050569a6ed1","findacpa","ALEXANDER BRUCE WHITEHEAD","L 1  310 Pacific Hwy, CROWS NEST NSW 2065, AUS","alex@alexwhitehead.com.au","+61299664499",,"-33.82755","151.20017"
"e01ce573-3888-e011-972f-005056b3003f","findacpa","NextGen CFO","U 38  41-49 Roslyn Gdns, ELIZABETH BAY NSW 2011, AUS","daniel@nextgencfo.com.au","+61410344905","http://www.nextgencfo.com.au","-33.87356","151.22714"
"03db0e5f-462a-eb11-8441-0003ff6fd1d9","findacpa","LCL Accounting Pty Ltd","U 1  12 Harrison St, CREMORNE NSW 2090, AUS","liang@lclaccounting.com.au","+61433201650","http://www.lclaccounting.com.au","-33.83307","151.2235"
"26c39541-703f-eb11-8fed-0003ffc300ed","findacpa","VH Accounting & Taxation","4 Young St, NEUTRAL BAY NSW 2089, AUS","info@vhtax.com.au","+61272292253","https://vhtax.com.au/","-33.83078","151.22119"
"72c3b51d-64db-ea11-8117-0050569a1c9a","findacpa","Auston Taxation Pty Ltd","U 412  480 Pacific Hwy, ST LEONARDS NSW 2065, AUS","info@austonpartners.com.au","+61434999373","http://www.austonpartners.com.au","-33.82423","151.19733"
"41ce4359-27b2-e211-9d3f-0050569a6f1b","findacpa","Rob Kerr & Co","U 8  28 Rangers Rd, CREMORNE NSW 2090, AUS","robkerr@bigpond.com","+61299082935",,"-33.83307","151.22587"
"07f4502a-735f-e711-80ed-0050569a1c9a","findacpa","Synergistic Business Partners","PO Box 338, ST LEONARDS NSW 1590, AUS","toby@sybp.com.au","280041959","http://www.sybp.com.au","-33.82282","151.19282"
"16f37c46-93f7-e411-bc52-0050569a6f1b","findacpa","Count Out Loud Pty Ltd","1 Bridgeview Ave, CAMMERAY NSW 2062, AUS","carmel@countoutloud.com.au","+61402113255","http://www.countoutloud.com.au","-33.8201","151.20772"
"11889d6e-4271-ee11-8179-000d3ae17410","findacpa","CY TAX SERVICES PTY LTD","Shop 4, 252 Botany Rd, ALEXANDRIA NSW 2015, AUS","yvonne@cytaxservices.com.au","+61280641126","https://www.cytaxservices.com.au","-33.90295","151.20153"
"f2a7f5c4-8fb4-e311-b1b2-0050569a6f1c","findacpa","J&M Accountants Pty Ltd","U 14  11 Grandstand Pde, ZETLAND NSW 2017, AUS","info@jmaccountants.net.au","+61280686070","http://www.jmaccountants.net.au","-33.90576","151.20965"
"a9b22834-4ef1-e311-9518-0050569a6ed1","findacpa","ATS Taxation & Accountancy Solutions Pty Ltd","PO Box 667, NEWTOWN NSW 2042, AUS","sbfz_wxb@yahoo.com","+61295164717",,"-33.8986","151.17935"
"6b34a2dc-3188-e011-87e1-005056b30007","findacpa","JNO Accounting & Finance","PO Box 472, DOUBLE BAY NSW 1360, AUS","rita@jno.com.au","+61414494115","http://www.jno.com.au","-33.87779","151.24382"