accountId,type,name,address,email,phone,website,lat,lng
"6939c76a-d144-e611-80de-0050569a1c9a","findacpa","PDL Financial Services","PO Box 279, MONA VALE NSW 1660, AUS","peter@pdlfinancialservices.com.au","+61411021733","http://pdlfinancialservices.com.au","-33.67596","151.30363"
"b2735e00-1b88-e011-82c3-005056b3003f","findacpa","GHR Accounting Group","Suite 12, 20 Bungan Street, Locked Bag 2002, MONA VALE NSW 1660, AUS","info@ghr.com.au","+61299794300","http://www.ghr.com.au","-33.67596","151.30363"
,"financialplanners","Brian Hrnjak","Locked Bag 2002, MONA VALE, NSW, 1660","brian@ghr.com.au","061-02-99794300",,"-33.67596","151.30363"
"1f414b2f-139c-e711-80f1-0050569a1c9a","findacpa","Resolve Accounting Pty Ltd","12 Bellevarde Pde, MONA VALE NSW 2103, AUS","alison@resolve-accounting.com.au","61425061538","https://resolve-accounting.com.au/","-33.67133","151.31164"
"a4f14f61-2f88-e011-87e1-005056b30007","findacpa","MJ Consulting Pty Ltd","U 1201  4 Daydream St, WARRIEWOOD NSW 2102, AUS","andrew@mjconsulting.com.au","+61299797009","http://www.mjconsulting.com.au","-33.67746","151.28624"
"4439cf81-1e88-e011-87e1-005056b30007","findacpa","Tesoriero & Associates","2a Sydney Rd, WARRIEWOOD NSW 2102, AUS","sandytes@bigpond.net.au","+61299705043",,"-33.69895","151.30712"
"a9c2f345-626a-e611-9fbf-0050569a097c","findacpa","Salt Surf Co Pty Ltd ATF Salt Surf Co Unit Trust t/a Oceanview Accountants","Se 21  1714 Pittwater Rd, BAYVIEW NSW 2104, AUS","sandro@oceanviewca.com.au","+61752398976","http://www.oceanviewca.com.au/","-33.65947","151.29795"
"523c338a-c951-e511-8666-0050569a6f1b","findacpa","Verity Financial Services Pty Ltd","PO Box 374, NEWPORT BEACH NSW 2106, AUS","rachel-verity@bigpond.com","+61299733284","http://www.strategicbudgets.com.au","-33.6566","151.31523"
"5ad9e4dc-793d-ea11-810e-0050569a1c9a","findacpa","Axiom Accounting","10 Howell Cl, NEWPORT NSW 2106, AUS","tax@axiomaccounting.com.au","+61412121486",,"-33.65014","151.31937"