accountId,type,name,address,email,phone,website,lat,lng
"13f720f3-dd02-e311-a730-0050569a6f1b","findacpa","Accountants INK NSW","PO Box 355, COLLAROY BEACH NSW 2097, AUS","accountantsink@icloud.com","+61414628581","http://accountantsink.biz/","-33.7381","151.30092"
"51a19cfc-2388-e011-87e1-005056b30007","findacpa","Yerodell Pty Ltd","10 Heron Pl, DEE WHY NSW 2099, AUS","ildaw@ihug.com.au","+61413944700",,"-33.74389","151.28925"
"4439cf81-1e88-e011-87e1-005056b30007","findacpa","Tesoriero & Associates","2a Sydney Rd, WARRIEWOOD NSW 2102, AUS","sandytes@bigpond.net.au","+61299705043",,"-33.69895","151.30712"
"d3b36829-0a0f-ee11-8141-0050569a1c9a","findacpa","DK Consulting & Business Services","43 Carawa Rd, CROMER NSW 2099, AUS","dj0109@hotmail.com","+61439201099",,"-33.7404","151.27741"
"2a8f58b8-1788-e011-87e1-005056b30007","findacpa","Mair Mansfield & Co","PO Box 1276, DEE WHY NSW 2099, AUS","paul@mairmansfield.com.au","02 9073488","http://www.mairmansfield.com.au","-33.75192","151.28974"
"5aa90dab-9163-e311-9cec-0050569a6ed0","findacpa","Easy Super","19 Selby Ave, DEE WHY NSW 2099, AUS","enquiry@smsfconsulting.com.au","+611800327978","http://www.smsfconsulting.com.au","-33.7534","151.28072"
"6939c76a-d144-e611-80de-0050569a1c9a","findacpa","PDL Financial Services","PO Box 279, MONA VALE NSW 1660, AUS","peter@pdlfinancialservices.com.au","+61411021733","http://pdlfinancialservices.com.au","-33.67596","151.30363"
"b2735e00-1b88-e011-82c3-005056b3003f","findacpa","GHR Accounting Group","Suite 12, 20 Bungan Street, Locked Bag 2002, MONA VALE NSW 1660, AUS","info@ghr.com.au","+61299794300","http://www.ghr.com.au","-33.67596","151.30363"
,"financialplanners","Brian Hrnjak","Locked Bag 2002, MONA VALE, NSW, 1660","brian@ghr.com.au","061-02-99794300",,"-33.67596","151.30363"
"a4f14f61-2f88-e011-87e1-005056b30007","findacpa","MJ Consulting Pty Ltd","U 1201  4 Daydream St, WARRIEWOOD NSW 2102, AUS","andrew@mjconsulting.com.au","+61299797009","http://www.mjconsulting.com.au","-33.67746","151.28624"