accountId,type,name,address,email,phone,website,lat,lng
"b044166e-cfb1-e611-8e31-0050569a25f2","findacpa","Tax Aid Profession","U 6  566 High St, PENRITH NSW 2750, AUS","markwu531@hotmail.com","+61247048881",,"-33.75281","150.69238"
"a5c676a0-4bc7-e611-9400-000d3ad03808","findacpa","Accounting With Class","112 Woodriff St, PENRITH NSW 2750, AUS","reception@accountingwithclass.com.au","02 47892233",,"-33.76004","150.69138"
"f292ce1b-02d5-e511-834a-0050569a4df0","findacpa","T J Dodd Pty Ltd t/as Dodd Accounting","12 Sanderling Cres, CRANEBROOK NSW 2749, AUS","toby@doddaccounting.com","+61297475777","http://www.doddaccounting.com","-33.72319","150.70008"
"5127ebb3-a644-e511-9969-0050569a6f1b","findacpa","Super Know How","4 Westerly Way, GLENMORE PARK NSW 2745, AUS","anthony@superknowhow.com.au","+61414696310","http://superknowhow.com.au/","-33.79664","150.69028"
"b53fc9df-52ad-eb11-8126-0050569a1c9a","findacpa","Rizolutions Pty Ltd","20 Tyler St, JORDAN SPRINGS NSW 2747, AUS","samreen@rizolutions.com.au","+61430439973","http://www.rizolutions.com.au","-33.72656","150.72451"