accountId,type,name,address,email,phone,website,lat,lng
"a03b7bcc-26cc-e411-a861-0050569a6f1c","findacpa","Live CFO","17 Blandford Ave, BRONTE NSW 2024, AUS","melanie@livecfo.com.au","+61400322820","http://www.livecfo.com.au","-33.89856","151.25973"
"0cb8ea72-1588-e011-87e1-005056b30007","findacpa","Varvaressos & Co","106 Bronte Rd, BONDI JUNCTION NSW 2022, AUS","harry@varvar.com.au","+61293880777","http://www.varvar.com.au/","-33.89527","151.25092"
"539c93cc-8d71-e711-80ee-0050569a1c9a","findacpa","Tax Focus","PO Box 80, BONDI JUNCTION NSW 1355, AUS","marcel@taxfocus.com.au","+61294167600","https://taxfocus.com.au/","-33.89305","151.25077"
"ac3afb2d-1a88-e011-87e1-005056b30007","findacpa","Peter Sheldon","PO Box 1693, BONDI JUNCTION NSW 1355, AUS","peter@petersheldon.com.au","61293899555","http://","-33.89305","151.25077"
"9e0910a2-19c0-e611-b0dd-0050569a097c","findacpa","Hot Toast","L 1  9-13 Bronte Rd, BONDI JUNCTION NSW 2022, AUS","sarah@hottoast.com.au","0426217167","http://hottoast.com.au/","-33.89301","151.24927"
"acaf5a1b-f3ec-e211-9d4a-0050569a6f1b","findacpa","Certus Accountants","PO Box 792, COOGEE NSW 2034, AUS","jenny@certusaccountants.com.au","+61280693157","http://www.certusaccountants.com.au","-33.91977","151.25464"
"71fd5990-60ab-e411-bb03-0050569a6f1c","findacpa","PCA Accountants","Shop 8, 155 Avoca St, RANDWICK NSW 2031, AUS","liliana@pcaaccountants.com.au","+61414981828",,"-33.9138","151.24222"
"6b34a2dc-3188-e011-87e1-005056b30007","findacpa","JNO Accounting & Finance","PO Box 472, DOUBLE BAY NSW 1360, AUS","rita@jno.com.au","+61414494115","http://www.jno.com.au","-33.87779","151.24382"
"fccfbb11-657a-e811-80ff-0050569a458f","findacpa","M.Kay & Associates","242 Boyce Rd, MAROUBRA NSW 2035, AUS","melanie.kay@mkayassociates.com.au","+61481146154","http://www.mkayassociates.com.au","-33.94124","151.24923"
"fe999006-6038-e811-80fc-0050569a458f","findacpa","JW Accounting & Taxation Services","U 19  117 Boyce Rd, MAROUBRA NSW 2035, AUS","JEFFREYWEICPA@OUTLOOK.COM","0403589709",,"-33.9403","151.23982"
"e01ce573-3888-e011-972f-005056b3003f","findacpa","NextGen CFO","U 38  41-49 Roslyn Gdns, ELIZABETH BAY NSW 2011, AUS","daniel@nextgencfo.com.au","+61410344905","http://www.nextgencfo.com.au","-33.87356","151.22714"
"b933164a-941b-e411-a587-0050569a6f1c","findacpa","Ampersand Financial Services Pty Ltd","PO Box 277, DARLINGHURST NSW 1300, AUS","sally@ampersandfs.com","+61402153924","http://www.ampersandfs.com","-33.87791","151.21946"
"7b5b22af-1c88-e011-82c3-005056b3003f","findacpa","Visions Synergy Associates","PO Box 179, DARLINGHURST NSW 1300, AUS","lewis668@hotmail.com","02 99332 2882","http://www.visionssynergy.com.au/","-33.87791","151.21946"
"28408e39-40e5-e711-bd60-0003ff679532","findacpa","The Pen Accounting Services Pty Ltd","393 Crown St, SURRY HILLS NSW 2010, AUS","kirsty@thepenaccounting.com.au","0290239945","http://thepenaccounting.com.au","-33.88561","151.21377"